#,System call,10240,10586,14393,15063,16299,17134,17763,18362,18363,19041,19042,19043,19044,19045,22000,20348,22621,22631,25398,26100,26085
1,NtAcceptConnectPort,0x0002,0x0002,0x0002,0x0002,0x0002,0x0002,0x0002,0x0002,0x0002,0x0002,0x0002,0x0002,0x0002,0x0002,0x0002,0x0002,0x0002,0x0002,0x0002,0x0002,0x0002
2,NtAccessCheck,0x0000,0x0000,0x0000,0x0000,0x0000,0x0000,0x0000,0x0000,0x0000,0x0000,0x0000,0x0000,0x0000,0x0000,0x0000,0x0000,0x0000,0x0000,0x0000,0x0000,0x0000
3,NtAccessCheckAndAuditAlarm,0x0029,0x0029,0x0029,0x0029,0x0029,0x0029,0x0029,0x0029,0x0029,0x0029,0x0029,0x0029,0x0029,0x0029,0x0029,0x0029,0x0029,0x0029,0x0029,0x0029,0x0029
4,NtAccessCheckByType,0x0063,0x0063,0x0063,0x0063,0x0063,0x0063,0x0063,0x0063,0x0063,0x0063,0x0063,0x0063,0x0063,0x0063,0x0063,0x0063,0x0063,0x0063,0x0063,0x0063,0x0063
5,NtAccessCheckByTypeAndAuditAlarm,0x0059,0x0059,0x0059,0x0059,0x0059,0x0059,0x0059,0x0059,0x0059,0x0059,0x0059,0x0059,0x0059,0x0059,0x0059,0x0059,0x0059,0x0059,0x0059,0x0059,0x0059
6,NtAccessCheckByTypeResultList,0x0064,0x0064,0x0064,0x0064,0x0064,0x0064,0x0064,0x0064,0x0064,0x0064,0x0064,0x0064,0x0064,0x0064,0x0064,0x0064,0x0064,0x0064,0x0064,0x0064,0x0064
7,NtAccessCheckByTypeResultListAndAuditAlarm,0x0065,0x0065,0x0065,0x0065,0x0065,0x0065,0x0065,0x0065,0x0065,0x0065,0x0065,0x0065,0x0065,0x0065,0x0065,0x0065,0x0065,0x0065,0x0065,0x0065,0x0065
8,NtAccessCheckByTypeResultListAndAuditAlarmByHandle,0x0066,0x0066,0x0066,0x0066,0x0066,0x0066,0x0066,0x0066,0x0066,0x0066,0x0066,0x0066,0x0066,0x0066,0x0066,0x0066,0x0066,0x0066,0x0066,0x0066,0x0066
9,NtAcquireCMFViewOwnership,,,,,,,,,,,,,,,,,,,,,
10,NtAcquireCrossVmMutant,,,,,,,,,,0x0067,0x0067,0x0067,0x0067,0x0067,0x0067,0x0067,0x0067,0x0067,0x0067,0x0067,0x0067
11,NtAcquireProcessActivityReference,,,,0x0067,0x0067,0x0067,0x0067,0x0067,0x0067,0x0068,0x0068,0x0068,0x0068,0x0068,0x0068,0x0068,0x0068,0x0068,0x0068,0x0068,0x0068
12,NtAddAtom,0x0047,0x0047,0x0047,0x0047,0x0047,0x0047,0x0047,0x0047,0x0047,0x0047,0x0047,0x0047,0x0047,0x0047,0x0047,0x0047,0x0047,0x0047,0x0047,0x0047,0x0047
13,NtAddAtomEx,0x0067,0x0067,0x0067,0x0068,0x0068,0x0068,0x0068,0x0068,0x0068,0x0069,0x0069,0x0069,0x0069,0x0069,0x0069,0x0069,0x0069,0x0069,0x0069,0x0069,0x0069
14,NtAddBootEntry,0x0068,0x0068,0x0068,0x0069,0x0069,0x0069,0x0069,0x0069,0x0069,0x006a,0x006a,0x006a,0x006a,0x006a,0x006a,0x006a,0x006a,0x006a,0x006a,0x006a,0x006a
15,NtAddDriverEntry,0x0069,0x0069,0x0069,0x006a,0x006a,0x006a,0x006a,0x006a,0x006a,0x006b,0x006b,0x006b,0x006b,0x006b,0x006b,0x006b,0x006b,0x006b,0x006b,0x006b,0x006b
16,NtAdjustGroupsToken,0x006a,0x006a,0x006a,0x006b,0x006b,0x006b,0x006b,0x006b,0x006b,0x006c,0x006c,0x006c,0x006c,0x006c,0x006c,0x006c,0x006c,0x006c,0x006c,0x006c,0x006c
17,NtAdjustPrivilegesToken,0x0041,0x0041,0x0041,0x0041,0x0041,0x0041,0x0041,0x0041,0x0041,0x0041,0x0041,0x0041,0x0041,0x0041,0x0041,0x0041,0x0041,0x0041,0x0041,0x0041,0x0041
18,NtAdjustTokenClaimsAndDeviceGroups,0x006b,0x006b,0x006b,0x006c,0x006c,0x006c,0x006c,0x006c,0x006c,0x006d,0x006d,0x006d,0x006d,0x006d,0x006d,0x006d,0x006d,0x006d,0x006d,0x006d,0x006d
19,NtAlertMultipleThreadByThreadId,,,,,,,,,,,,,,,,,,,,0x006e,0x006e
20,NtAlertResumeThread,0x006c,0x006c,0x006c,0x006d,0x006d,0x006d,0x006d,0x006d,0x006d,0x006e,0x006e,0x006e,0x006e,0x006e,0x006e,0x006e,0x006e,0x006e,0x006e,0x006f,0x006f
21,NtAlertThread,0x006d,0x006d,0x006d,0x006e,0x006e,0x006e,0x006e,0x006e,0x006e,0x006f,0x006f,0x006f,0x006f,0x006f,0x006f,0x006f,0x006f,0x006f,0x006f,0x0070,0x0070
22,NtAlertThreadByThreadId,0x006e,0x006e,0x006e,0x006f,0x006f,0x006f,0x006f,0x006f,0x006f,0x0070,0x0070,0x0070,0x0070,0x0070,0x0070,0x0070,0x0070,0x0070,0x0070,0x0071,0x0071
23,NtAlertThreadByThreadIdEx,,,,,,,,,,,,,,,,,,,0x0071,0x0072,0x0072
24,NtAllocateLocallyUniqueId,0x006f,0x006f,0x006f,0x0070,0x0070,0x0070,0x0070,0x0070,0x0070,0x0071,0x0071,0x0071,0x0071,0x0071,0x0071,0x0071,0x0071,0x0071,0x0072,0x0073,0x0073
25,NtAllocateReserveObject,0x0070,0x0070,0x0070,0x0071,0x0071,0x0071,0x0071,0x0071,0x0071,0x0072,0x0072,0x0072,0x0072,0x0072,0x0072,0x0072,0x0072,0x0072,0x0073,0x0074,0x0074
26,NtAllocateUserPhysicalPages,0x0071,0x0071,0x0071,0x0072,0x0072,0x0072,0x0072,0x0072,0x0072,0x0073,0x0073,0x0073,0x0073,0x0073,0x0073,0x0073,0x0073,0x0073,0x0074,0x0075,0x0075
27,NtAllocateUserPhysicalPagesEx,,,,,,,,,,0x0074,0x0074,0x0074,0x0074,0x0074,0x0074,0x0074,0x0074,0x0074,0x0075,0x0076,0x0076
28,NtAllocateUuids,0x0072,0x0072,0x0072,0x0073,0x0073,0x0073,0x0073,0x0073,0x0073,0x0075,0x0075,0x0075,0x0075,0x0075,0x0075,0x0075,0x0075,0x0075,0x0076,0x0077,0x0077
29,NtAllocateVirtualMemory,0x0018,0x0018,0x0018,0x0018,0x0018,0x0018,0x0018,0x0018,0x0018,0x0018,0x0018,0x0018,0x0018,0x0018,0x0018,0x0018,0x0018,0x0018,0x0018,0x0018,0x0018
30,NtAllocateVirtualMemoryEx,,,,,,0x0074,0x0074,0x0074,0x0074,0x0076,0x0076,0x0076,0x0076,0x0076,0x0076,0x0076,0x0076,0x0076,0x0077,0x0078,0x0078
31,NtAlpcAcceptConnectPort,0x0073,0x0073,0x0073,0x0074,0x0074,0x0075,0x0075,0x0075,0x0075,0x0077,0x0077,0x0077,0x0077,0x0077,0x0077,0x0077,0x0077,0x0077,0x0078,0x0079,0x0079
32,NtAlpcCancelMessage,0x0074,0x0074,0x0074,0x0075,0x0075,0x0076,0x0076,0x0076,0x0076,0x0078,0x0078,0x0078,0x0078,0x0078,0x0078,0x0078,0x0078,0x0078,0x0079,0x007a,0x007a
33,NtAlpcConnectPort,0x0075,0x0075,0x0075,0x0076,0x0076,0x0077,0x0077,0x0077,0x0077,0x0079,0x0079,0x0079,0x0079,0x0079,0x0079,0x0079,0x0079,0x0079,0x007a,0x007b,0x007b
34,NtAlpcConnectPortEx,0x0076,0x0076,0x0076,0x0077,0x0077,0x0078,0x0078,0x0078,0x0078,0x007a,0x007a,0x007a,0x007a,0x007a,0x007a,0x007a,0x007a,0x007a,0x007b,0x007c,0x007c
35,NtAlpcCreatePort,0x0077,0x0077,0x0077,0x0078,0x0078,0x0079,0x0079,0x0079,0x0079,0x007b,0x007b,0x007b,0x007b,0x007b,0x007b,0x007b,0x007b,0x007b,0x007c,0x007d,0x007d
36,NtAlpcCreatePortSection,0x0078,0x0078,0x0078,0x0079,0x0079,0x007a,0x007a,0x007a,0x007a,0x007c,0x007c,0x007c,0x007c,0x007c,0x007c,0x007c,0x007c,0x007c,0x007d,0x007e,0x007e
37,NtAlpcCreateResourceReserve,0x0079,0x0079,0x0079,0x007a,0x007a,0x007b,0x007b,0x007b,0x007b,0x007d,0x007d,0x007d,0x007d,0x007d,0x007d,0x007d,0x007d,0x007d,0x007e,0x007f,0x007f
38,NtAlpcCreateSectionView,0x007a,0x007a,0x007a,0x007b,0x007b,0x007c,0x007c,0x007c,0x007c,0x007e,0x007e,0x007e,0x007e,0x007e,0x007e,0x007e,0x007e,0x007e,0x007f,0x0080,0x0080
39,NtAlpcCreateSecurityContext,0x007b,0x007b,0x007b,0x007c,0x007c,0x007d,0x007d,0x007d,0x007d,0x007f,0x007f,0x007f,0x007f,0x007f,0x007f,0x007f,0x007f,0x007f,0x0080,0x0081,0x0081
40,NtAlpcDeletePortSection,0x007c,0x007c,0x007c,0x007d,0x007d,0x007e,0x007e,0x007e,0x007e,0x0080,0x0080,0x0080,0x0080,0x0080,0x0080,0x0080,0x0080,0x0080,0x0081,0x0082,0x0082
41,NtAlpcDeleteResourceReserve,0x007d,0x007d,0x007d,0x007e,0x007e,0x007f,0x007f,0x007f,0x007f,0x0081,0x0081,0x0081,0x0081,0x0081,0x0081,0x0081,0x0081,0x0081,0x0082,0x0083,0x0083
42,NtAlpcDeleteSectionView,0x007e,0x007e,0x007e,0x007f,0x007f,0x0080,0x0080,0x0080,0x0080,0x0082,0x0082,0x0082,0x0082,0x0082,0x0082,0x0082,0x0082,0x0082,0x0083,0x0084,0x0084
43,NtAlpcDeleteSecurityContext,0x007f,0x007f,0x007f,0x0080,0x0080,0x0081,0x0081,0x0081,0x0081,0x0083,0x0083,0x0083,0x0083,0x0083,0x0083,0x0083,0x0083,0x0083,0x0084,0x0085,0x0085
44,NtAlpcDisconnectPort,0x0080,0x0080,0x0080,0x0081,0x0081,0x0082,0x0082,0x0082,0x0082,0x0084,0x0084,0x0084,0x0084,0x0084,0x0084,0x0084,0x0084,0x0084,0x0085,0x0086,0x0086
45,NtAlpcImpersonateClientContainerOfPort,0x0081,0x0081,0x0081,0x0082,0x0082,0x0083,0x0083,0x0083,0x0083,0x0085,0x0085,0x0085,0x0085,0x0085,0x0085,0x0085,0x0085,0x0085,0x0086,0x0087,0x0087
46,NtAlpcImpersonateClientOfPort,0x0082,0x0082,0x0082,0x0083,0x0083,0x0084,0x0084,0x0084,0x0084,0x0086,0x0086,0x0086,0x0086,0x0086,0x0086,0x0086,0x0086,0x0086,0x0087,0x0088,0x0088
47,NtAlpcOpenSenderProcess,0x0083,0x0083,0x0083,0x0084,0x0084,0x0085,0x0085,0x0085,0x0085,0x0087,0x0087,0x0087,0x0087,0x0087,0x0087,0x0087,0x0087,0x0087,0x0088,0x0089,0x0089
48,NtAlpcOpenSenderThread,0x0084,0x0084,0x0084,0x0085,0x0085,0x0086,0x0086,0x0086,0x0086,0x0088,0x0088,0x0088,0x0088,0x0088,0x0088,0x0088,0x0088,0x0088,0x0089,0x008a,0x008a
49,NtAlpcQueryInformation,0x0085,0x0085,0x0085,0x0086,0x0086,0x0087,0x0087,0x0087,0x0087,0x0089,0x0089,0x0089,0x0089,0x0089,0x0089,0x0089,0x0089,0x0089,0x008a,0x008b,0x008b
50,NtAlpcQueryInformationMessage,0x0086,0x0086,0x0086,0x0087,0x0087,0x0088,0x0088,0x0088,0x0088,0x008a,0x008a,0x008a,0x008a,0x008a,0x008a,0x008a,0x008a,0x008a,0x008b,0x008c,0x008c
51,NtAlpcRevokeSecurityContext,0x0087,0x0087,0x0087,0x0088,0x0088,0x0089,0x0089,0x0089,0x0089,0x008b,0x008b,0x008b,0x008b,0x008b,0x008b,0x008b,0x008b,0x008b,0x008c,0x008d,0x008d
52,NtAlpcSendWaitReceivePort,0x0088,0x0088,0x0088,0x0089,0x0089,0x008a,0x008a,0x008a,0x008a,0x008c,0x008c,0x008c,0x008c,0x008c,0x008c,0x008c,0x008c,0x008c,0x008d,0x008e,0x008e
53,NtAlpcSetInformation,0x0089,0x0089,0x0089,0x008a,0x008a,0x008b,0x008b,0x008b,0x008b,0x008d,0x008d,0x008d,0x008d,0x008d,0x008d,0x008d,0x008d,0x008d,0x008e,0x008f,0x008f
54,NtApphelpCacheControl,0x004c,0x004c,0x004c,0x004c,0x004c,0x004c,0x004c,0x004c,0x004c,0x004c,0x004c,0x004c,0x004c,0x004c,0x004c,0x004c,0x004c,0x004c,0x004c,0x004c,0x004c
55,NtAreMappedFilesTheSame,0x008a,0x008a,0x008a,0x008b,0x008b,0x008c,0x008c,0x008c,0x008c,0x008e,0x008e,0x008e,0x008e,0x008e,0x008e,0x008e,0x008e,0x008e,0x008f,0x0090,0x0090
56,NtAssignProcessToJobObject,0x008b,0x008b,0x008b,0x008c,0x008c,0x008d,0x008d,0x008d,0x008d,0x008f,0x008f,0x008f,0x008f,0x008f,0x008f,0x008f,0x008f,0x008f,0x0090,0x0091,0x0091
57,NtAssociateWaitCompletionPacket,0x008c,0x008c,0x008c,0x008d,0x008d,0x008e,0x008e,0x008e,0x008e,0x0090,0x0090,0x0090,0x0090,0x0090,0x0090,0x0090,0x0090,0x0090,0x0091,0x0092,0x0092
58,NtCallEnclave,,,,,0x008e,0x008f,0x008f,0x008f,0x008f,0x0091,0x0091,0x0091,0x0091,0x0091,0x0091,0x0091,0x0091,0x0091,0x0092,0x0093,0x0093
59,NtCallbackReturn,0x0005,0x0005,0x0005,0x0005,0x0005,0x0005,0x0005,0x0005,0x0005,0x0005,0x0005,0x0005,0x0005,0x0005,0x0005,0x0005,0x0005,0x0005,0x0005,0x0005,0x0005
60,NtCancelDeviceWakeupRequest,,,,,,,,,,,,,,,,,,,,,
61,NtCancelIoFile,0x005d,0x005d,0x005d,0x005d,0x005d,0x005d,0x005d,0x005d,0x005d,0x005d,0x005d,0x005d,0x005d,0x005d,0x005d,0x005d,0x005d,0x005d,0x005d,0x005d,0x005d
62,NtCancelIoFileEx,0x008d,0x008d,0x008d,0x008e,0x008f,0x0090,0x0090,0x0090,0x0090,0x0092,0x0092,0x0092,0x0092,0x0092,0x0092,0x0092,0x0092,0x0092,0x0093,0x0094,0x0094
63,NtCancelSynchronousIoFile,0x008e,0x008e,0x008e,0x008f,0x0090,0x0091,0x0091,0x0091,0x0091,0x0093,0x0093,0x0093,0x0093,0x0093,0x0093,0x0093,0x0093,0x0093,0x0094,0x0095,0x0095
64,NtCancelTimer,0x0061,0x0061,0x0061,0x0061,0x0061,0x0061,0x0061,0x0061,0x0061,0x0061,0x0061,0x0061,0x0061,0x0061,0x0061,0x0061,0x0061,0x0061,0x0061,0x0061,0x0061
65,NtCancelTimer2,0x008f,0x008f,0x008f,0x0090,0x0091,0x0092,0x0092,0x0092,0x0092,0x0094,0x0094,0x0094,0x0094,0x0094,0x0094,0x0094,0x0094,0x0094,0x0095,0x0096,0x0096
66,NtCancelWaitCompletionPacket,0x0090,0x0090,0x0090,0x0091,0x0092,0x0093,0x0093,0x0093,0x0093,0x0095,0x0095,0x0095,0x0095,0x0095,0x0095,0x0095,0x0095,0x0095,0x0096,0x0097,0x0097
67,NtChangeProcessState,,,,,,,,,,,,,,,0x0096,0x0096,0x0096,0x0096,0x0097,0x0098,0x0098
68,NtChangeThreadState,,,,,,,,,,,,,,,0x0097,0x0097,0x0097,0x0097,0x0098,0x0099,0x0099
69,NtClearAllSavepointsTransaction,,,,,,,,,,,,,,,,,,,,,
70,NtClearEvent,0x003e,0x003e,0x003e,0x003e,0x003e,0x003e,0x003e,0x003e,0x003e,0x003e,0x003e,0x003e,0x003e,0x003e,0x003e,0x003e,0x003e,0x003e,0x003e,0x003e,0x003e
71,NtClearSavepointTransaction,,,,,,,,,,,,,,,,,,,,,
72,NtClose,0x000f,0x000f,0x000f,0x000f,0x000f,0x000f,0x000f,0x000f,0x000f,0x000f,0x000f,0x000f,0x000f,0x000f,0x000f,0x000f,0x000f,0x000f,0x000f,0x000f,0x000f
73,NtCloseObjectAuditAlarm,0x003b,0x003b,0x003b,0x003b,0x003b,0x003b,0x003b,0x003b,0x003b,0x003b,0x003b,0x003b,0x003b,0x003b,0x003b,0x003b,0x003b,0x003b,0x003b,0x003b,0x003b
74,NtCommitComplete,0x0091,0x0091,0x0091,0x0092,0x0093,0x0094,0x0094,0x0094,0x0094,0x0096,0x0096,0x0096,0x0096,0x0096,0x0098,0x0098,0x0098,0x0098,0x0099,0x009a,0x009a
75,NtCommitEnlistment,0x0092,0x0092,0x0092,0x0093,0x0094,0x0095,0x0095,0x0095,0x0095,0x0097,0x0097,0x0097,0x0097,0x0097,0x0099,0x0099,0x0099,0x0099,0x009a,0x009b,0x009b
76,NtCommitRegistryTransaction,,,0x0093,0x0094,0x0095,0x0096,0x0096,0x0096,0x0096,0x0098,0x0098,0x0098,0x0098,0x0098,0x009a,0x009a,0x009a,0x009a,0x009b,0x009c,0x009c
77,NtCommitTransaction,0x0093,0x0093,0x0094,0x0095,0x0096,0x0097,0x0097,0x0097,0x0097,0x0099,0x0099,0x0099,0x0099,0x0099,0x009b,0x009b,0x009b,0x009b,0x009c,0x009d,0x009d
78,NtCompactKeys,0x0094,0x0094,0x0095,0x0096,0x0097,0x0098,0x0098,0x0098,0x0098,0x009a,0x009a,0x009a,0x009a,0x009a,0x009c,0x009c,0x009c,0x009c,0x009d,0x009e,0x009e
79,NtCompareObjects,0x0095,0x0095,0x0096,0x0097,0x0098,0x0099,0x0099,0x0099,0x0099,0x009b,0x009b,0x009b,0x009b,0x009b,0x009d,0x009d,0x009d,0x009d,0x009e,0x009f,0x009f
80,NtCompareSigningLevels,,,,0x0098,0x0099,0x009a,0x009a,0x009a,0x009a,0x009c,0x009c,0x009c,0x009c,0x009c,0x009e,0x009e,0x009e,0x009e,0x009f,0x00a0,0x00a0
81,NtCompareTokens,0x0096,0x0096,0x0097,0x0099,0x009a,0x009b,0x009b,0x009b,0x009b,0x009d,0x009d,0x009d,0x009d,0x009d,0x009f,0x009f,0x009f,0x009f,0x00a0,0x00a1,0x00a1
82,NtCompleteConnectPort,0x0097,0x0097,0x0098,0x009a,0x009b,0x009c,0x009c,0x009c,0x009c,0x009e,0x009e,0x009e,0x009e,0x009e,0x00a0,0x00a0,0x00a0,0x00a0,0x00a1,0x00a2,0x00a2
83,NtCompressKey,0x0098,0x0098,0x0099,0x009b,0x009c,0x009d,0x009d,0x009d,0x009d,0x009f,0x009f,0x009f,0x009f,0x009f,0x00a1,0x00a1,0x00a1,0x00a1,0x00a2,0x00a3,0x00a3
84,NtConnectPort,0x0099,0x0099,0x009a,0x009c,0x009d,0x009e,0x009e,0x009e,0x009e,0x00a0,0x00a0,0x00a0,0x00a0,0x00a0,0x00a2,0x00a2,0x00a2,0x00a2,0x00a3,0x00a4,0x00a4
85,NtContinue,0x0043,0x0043,0x0043,0x0043,0x0043,0x0043,0x0043,0x0043,0x0043,0x0043,0x0043,0x0043,0x0043,0x0043,0x0043,0x0043,0x0043,0x0043,0x0043,0x0043,0x0043
86,NtContinueEx,,,,,,,,,,0x00a1,0x00a1,0x00a1,0x00a1,0x00a1,0x00a3,0x00a3,0x00a3,0x00a3,0x00a4,0x00a5,0x00a5
87,NtConvertBetweenAuxiliaryCounterAndPerformanceCounter,,,,0x009d,0x009e,0x009f,0x009f,0x009f,0x009f,0x00a2,0x00a2,0x00a2,0x00a2,0x00a2,0x00a4,0x00a4,0x00a4,0x00a4,0x00a5,0x00a6,0x00a6
88,NtCopyFileChunk,,,,,,,,,,,,,0x00a3,0x00a3,0x00a5,0x00a5,0x00a5,0x00a5,0x00a6,0x00a7,0x00a7
89,NtCreateCpuPartition,,,,,,,,,,,,,,,,,0x00a6,0x00a6,0x00a7,0x00a8,0x00a8
90,NtCreateCrossVmEvent,,,,,,,,0x00a0,0x00a0,0x00a3,0x00a3,0x00a3,0x00a4,0x00a4,0x00a6,0x00a6,0x00a7,0x00a7,0x00a8,0x00a9,0x00a9
91,NtCreateCrossVmMutant,,,,,,,,,,0x00a4,0x00a4,0x00a4,0x00a5,0x00a5,0x00a7,0x00a7,0x00a8,0x00a8,0x00a9,0x00aa,0x00aa
92,NtCreateDebugObject,0x009a,0x009a,0x009b,0x009e,0x009f,0x00a0,0x00a0,0x00a1,0x00a1,0x00a5,0x00a5,0x00a5,0x00a6,0x00a6,0x00a8,0x00a8,0x00a9,0x00a9,0x00aa,0x00ab,0x00ab
93,NtCreateDirectoryObject,0x009b,0x009b,0x009c,0x009f,0x00a0,0x00a1,0x00a1,0x00a2,0x00a2,0x00a6,0x00a6,0x00a6,0x00a7,0x00a7,0x00a9,0x00a9,0x00aa,0x00aa,0x00ab,0x00ac,0x00ac
94,NtCreateDirectoryObjectEx,0x009c,0x009c,0x009d,0x00a0,0x00a1,0x00a2,0x00a2,0x00a3,0x00a3,0x00a7,0x00a7,0x00a7,0x00a8,0x00a8,0x00aa,0x00aa,0x00ab,0x00ab,0x00ac,0x00ad,0x00ad
95,NtCreateEnclave,,0x009d,0x009e,0x00a1,0x00a2,0x00a3,0x00a3,0x00a4,0x00a4,0x00a8,0x00a8,0x00a8,0x00a9,0x00a9,0x00ab,0x00ab,0x00ac,0x00ac,0x00ad,0x00ae,0x00ae
96,NtCreateEnlistment,0x009d,0x009e,0x009f,0x00a2,0x00a3,0x00a4,0x00a4,0x00a5,0x00a5,0x00a9,0x00a9,0x00a9,0x00aa,0x00aa,0x00ac,0x00ac,0x00ad,0x00ad,0x00ae,0x00af,0x00af
97,NtCreateEvent,0x0048,0x0048,0x0048,0x0048,0x0048,0x0048,0x0048,0x0048,0x0048,0x0048,0x0048,0x0048,0x0048,0x0048,0x0048,0x0048,0x0048,0x0048,0x0048,0x0048,0x0048
98,NtCreateEventPair,0x009e,0x009f,0x00a0,0x00a3,0x00a4,0x00a5,0x00a5,0x00a6,0x00a6,0x00aa,0x00aa,0x00aa,0x00ab,0x00ab,0x00ad,0x00ad,0x00ae,0x00ae,0x00af,0x00b0,0x00b0
99,NtCreateFile,0x0055,0x0055,0x0055,0x0055,0x0055,0x0055,0x0055,0x0055,0x0055,0x0055,0x0055,0x0055,0x0055,0x0055,0x0055,0x0055,0x0055,0x0055,0x0055,0x0055,0x0055
100,NtCreateIRTimer,0x009f,0x00a0,0x00a1,0x00a4,0x00a5,0x00a6,0x00a6,0x00a7,0x00a7,0x00ab,0x00ab,0x00ab,0x00ac,0x00ac,0x00ae,0x00ae,0x00af,0x00af,0x00b0,0x00b1,0x00b1
101,NtCreateIoCompletion,0x00a0,0x00a1,0x00a2,0x00a5,0x00a6,0x00a7,0x00a7,0x00a8,0x00a8,0x00ac,0x00ac,0x00ac,0x00ad,0x00ad,0x00af,0x00af,0x00b0,0x00b0,0x00b1,0x00b2,0x00b2
102,NtCreateIoRing,,,,,,,,,,,,,,,,0x00b0,0x00b1,0x00b1,0x00b2,0x00b3,0x00b3
103,NtCreateJobObject,0x00a1,0x00a2,0x00a3,0x00a6,0x00a7,0x00a8,0x00a8,0x00a9,0x00a9,0x00ad,0x00ad,0x00ad,0x00ae,0x00ae,0x00b0,0x00b1,0x00b2,0x00b2,0x00b3,0x00b4,0x00b4
104,NtCreateJobSet,0x00a2,0x00a3,0x00a4,0x00a7,0x00a8,0x00a9,0x00a9,0x00aa,0x00aa,0x00ae,0x00ae,0x00ae,0x00af,0x00af,0x00b1,0x00b2,0x00b3,0x00b3,0x00b4,0x00b5,0x00b5
105,NtCreateKey,0x001d,0x001d,0x001d,0x001d,0x001d,0x001d,0x001d,0x001d,0x001d,0x001d,0x001d,0x001d,0x001d,0x001d,0x001d,0x001d,0x001d,0x001d,0x001d,0x001d,0x001d
106,NtCreateKeyTransacted,0x00a3,0x00a4,0x00a5,0x00a8,0x00a9,0x00aa,0x00aa,0x00ab,0x00ab,0x00af,0x00af,0x00af,0x00b0,0x00b0,0x00b2,0x00b3,0x00b4,0x00b4,0x00b5,0x00b6,0x00b6
107,NtCreateKeyedEvent,0x00a4,0x00a5,0x00a6,0x00a9,0x00aa,0x00ab,0x00ab,0x00ac,0x00ac,0x00b0,0x00b0,0x00b0,0x00b1,0x00b1,0x00b3,0x00b4,0x00b5,0x00b5,0x00b6,0x00b7,0x00b7
108,NtCreateLowBoxToken,0x00a5,0x00a6,0x00a7,0x00aa,0x00ab,0x00ac,0x00ac,0x00ad,0x00ad,0x00b1,0x00b1,0x00b1,0x00b2,0x00b2,0x00b4,0x00b5,0x00b6,0x00b6,0x00b7,0x00b8,0x00b8
109,NtCreateMailslotFile,0x00a6,0x00a7,0x00a8,0x00ab,0x00ac,0x00ad,0x00ad,0x00ae,0x00ae,0x00b2,0x00b2,0x00b2,0x00b3,0x00b3,0x00b5,0x00b6,0x00b7,0x00b7,0x00b8,0x00b9,0x00b9
110,NtCreateMutant,0x00a7,0x00a8,0x00a9,0x00ac,0x00ad,0x00ae,0x00ae,0x00af,0x00af,0x00b3,0x00b3,0x00b3,0x00b4,0x00b4,0x00b6,0x00b7,0x00b8,0x00b8,0x00b9,0x00ba,0x00ba
111,NtCreateNamedPipeFile,0x00a8,0x00a9,0x00aa,0x00ad,0x00ae,0x00af,0x00af,0x00b0,0x00b0,0x00b4,0x00b4,0x00b4,0x00b5,0x00b5,0x00b7,0x00b8,0x00b9,0x00b9,0x00ba,0x00bb,0x00bb
112,NtCreatePagingFile,0x00a9,0x00aa,0x00ab,0x00ae,0x00af,0x00b0,0x00b0,0x00b1,0x00b1,0x00b5,0x00b5,0x00b5,0x00b6,0x00b6,0x00b8,0x00b9,0x00ba,0x00ba,0x00bb,0x00bc,0x00bc
113,NtCreatePartition,0x00aa,0x00ab,0x00ac,0x00af,0x00b0,0x00b1,0x00b1,0x00b2,0x00b2,0x00b6,0x00b6,0x00b6,0x00b7,0x00b7,0x00b9,0x00ba,0x00bb,0x00bb,0x00bc,0x00bd,0x00bd
114,NtCreatePort,0x00ab,0x00ac,0x00ad,0x00b0,0x00b1,0x00b2,0x00b2,0x00b3,0x00b3,0x00b7,0x00b7,0x00b7,0x00b8,0x00b8,0x00ba,0x00bb,0x00bc,0x00bc,0x00bd,0x00be,0x00be
115,NtCreatePrivateNamespace,0x00ac,0x00ad,0x00ae,0x00b1,0x00b2,0x00b3,0x00b3,0x00b4,0x00b4,0x00b8,0x00b8,0x00b8,0x00b9,0x00b9,0x00bb,0x00bc,0x00bd,0x00bd,0x00be,0x00bf,0x00bf
116,NtCreateProcess,0x00ad,0x00ae,0x00af,0x00b2,0x00b3,0x00b4,0x00b4,0x00b5,0x00b5,0x00b9,0x00b9,0x00b9,0x00ba,0x00ba,0x00bc,0x00bd,0x00be,0x00be,0x00bf,0x00c0,0x00c0
117,NtCreateProcessEx,0x004d,0x004d,0x004d,0x004d,0x004d,0x004d,0x004d,0x004d,0x004d,0x004d,0x004d,0x004d,0x004d,0x004d,0x004d,0x004d,0x004d,0x004d,0x004d,0x004d,0x004d
118,NtCreateProcessStateChange,,,,,,,,,,,,,,,0x00bd,0x00be,0x00bf,0x00bf,0x00c0,0x00c1,0x00c1
119,NtCreateProfile,0x00ae,0x00af,0x00b0,0x00b3,0x00b4,0x00b5,0x00b5,0x00b6,0x00b6,0x00ba,0x00ba,0x00ba,0x00bb,0x00bb,0x00be,0x00bf,0x00c0,0x00c0,0x00c1,0x00c2,0x00c2
120,NtCreateProfileEx,0x00af,0x00b0,0x00b1,0x00b4,0x00b5,0x00b6,0x00b6,0x00b7,0x00b7,0x00bb,0x00bb,0x00bb,0x00bc,0x00bc,0x00bf,0x00c0,0x00c1,0x00c1,0x00c2,0x00c3,0x00c3
121,NtCreateRegistryTransaction,,,0x00b2,0x00b5,0x00b6,0x00b7,0x00b7,0x00b8,0x00b8,0x00bc,0x00bc,0x00bc,0x00bd,0x00bd,0x00c0,0x00c1,0x00c2,0x00c2,0x00c3,0x00c4,0x00c4
122,NtCreateResourceManager,0x00b0,0x00b1,0x00b3,0x00b6,0x00b7,0x00b8,0x00b8,0x00b9,0x00b9,0x00bd,0x00bd,0x00bd,0x00be,0x00be,0x00c1,0x00c2,0x00c3,0x00c3,0x00c4,0x00c5,0x00c5
123,NtCreateSection,0x004a,0x004a,0x004a,0x004a,0x004a,0x004a,0x004a,0x004a,0x004a,0x004a,0x004a,0x004a,0x004a,0x004a,0x004a,0x004a,0x004a,0x004a,0x004a,0x004a,0x004a
124,NtCreateSectionEx,,,,,,,0x00b9,0x00ba,0x00ba,0x00be,0x00be,0x00be,0x00bf,0x00bf,0x00c2,0x00c3,0x00c4,0x00c4,0x00c5,0x00c6,0x00c6
125,NtCreateSemaphore,0x00b1,0x00b2,0x00b4,0x00b7,0x00b8,0x00b9,0x00ba,0x00bb,0x00bb,0x00bf,0x00bf,0x00bf,0x00c0,0x00c0,0x00c3,0x00c4,0x00c5,0x00c5,0x00c6,0x00c7,0x00c7
126,NtCreateSymbolicLinkObject,0x00b2,0x00b3,0x00b5,0x00b8,0x00b9,0x00ba,0x00bb,0x00bc,0x00bc,0x00c0,0x00c0,0x00c0,0x00c1,0x00c1,0x00c4,0x00c5,0x00c6,0x00c6,0x00c7,0x00c8,0x00c8
127,NtCreateThread,0x004e,0x004e,0x004e,0x004e,0x004e,0x004e,0x004e,0x004e,0x004e,0x004e,0x004e,0x004e,0x004e,0x004e,0x004e,0x004e,0x004e,0x004e,0x004e,0x004e,0x004e
128,NtCreateThreadEx,0x00b3,0x00b4,0x00b6,0x00b9,0x00ba,0x00bb,0x00bc,0x00bd,0x00bd,0x00c1,0x00c1,0x00c1,0x00c2,0x00c2,0x00c5,0x00c6,0x00c7,0x00c7,0x00c8,0x00c9,0x00c9
129,NtCreateThreadStateChange,,,,,,,,,,,,,,,0x00c6,0x00c7,0x00c8,0x00c8,0x00c9,0x00ca,0x00ca
130,NtCreateTimer,0x00b4,0x00b5,0x00b7,0x00ba,0x00bb,0x00bc,0x00bd,0x00be,0x00be,0x00c2,0x00c2,0x00c2,0x00c3,0x00c3,0x00c7,0x00c8,0x00c9,0x00c9,0x00ca,0x00cb,0x00cb
131,NtCreateTimer2,0x00b5,0x00b6,0x00b8,0x00bb,0x00bc,0x00bd,0x00be,0x00bf,0x00bf,0x00c3,0x00c3,0x00c3,0x00c4,0x00c4,0x00c8,0x00c9,0x00ca,0x00ca,0x00cb,0x00cc,0x00cc
132,NtCreateToken,0x00b6,0x00b7,0x00b9,0x00bc,0x00bd,0x00be,0x00bf,0x00c0,0x00c0,0x00c4,0x00c4,0x00c4,0x00c5,0x00c5,0x00c9,0x00ca,0x00cb,0x00cb,0x00cc,0x00cd,0x00cd
133,NtCreateTokenEx,0x00b7,0x00b8,0x00ba,0x00bd,0x00be,0x00bf,0x00c0,0x00c1,0x00c1,0x00c5,0x00c5,0x00c5,0x00c6,0x00c6,0x00ca,0x00cb,0x00cc,0x00cc,0x00cd,0x00ce,0x00ce
134,NtCreateTransaction,0x00b8,0x00b9,0x00bb,0x00be,0x00bf,0x00c0,0x00c1,0x00c2,0x00c2,0x00c6,0x00c6,0x00c6,0x00c7,0x00c7,0x00cb,0x00cc,0x00cd,0x00cd,0x00ce,0x00cf,0x00cf
135,NtCreateTransactionManager,0x00b9,0x00ba,0x00bc,0x00bf,0x00c0,0x00c1,0x00c2,0x00c3,0x00c3,0x00c7,0x00c7,0x00c7,0x00c8,0x00c8,0x00cc,0x00cd,0x00ce,0x00ce,0x00cf,0x00d0,0x00d0
136,NtCreateUserProcess,0x00ba,0x00bb,0x00bd,0x00c0,0x00c1,0x00c2,0x00c3,0x00c4,0x00c4,0x00c8,0x00c8,0x00c8,0x00c9,0x00c9,0x00cd,0x00ce,0x00cf,0x00cf,0x00d0,0x00d1,0x00d1
137,NtCreateWaitCompletionPacket,0x00bb,0x00bc,0x00be,0x00c1,0x00c2,0x00c3,0x00c4,0x00c5,0x00c5,0x00c9,0x00c9,0x00c9,0x00ca,0x00ca,0x00ce,0x00cf,0x00d0,0x00d0,0x00d1,0x00d2,0x00d2
138,NtCreateWaitablePort,0x00bc,0x00bd,0x00bf,0x00c2,0x00c3,0x00c4,0x00c5,0x00c6,0x00c6,0x00ca,0x00ca,0x00ca,0x00cb,0x00cb,0x00cf,0x00d0,0x00d1,0x00d1,0x00d2,0x00d3,0x00d3
139,NtCreateWnfStateName,0x00bd,0x00be,0x00c0,0x00c3,0x00c4,0x00c5,0x00c6,0x00c7,0x00c7,0x00cb,0x00cb,0x00cb,0x00cc,0x00cc,0x00d0,0x00d1,0x00d2,0x00d2,0x00d3,0x00d4,0x00d4
140,NtCreateWorkerFactory,0x00be,0x00bf,0x00c1,0x00c4,0x00c5,0x00c6,0x00c7,0x00c8,0x00c8,0x00cc,0x00cc,0x00cc,0x00cd,0x00cd,0x00d1,0x00d2,0x00d3,0x00d3,0x00d4,0x00d5,0x00d5
141,NtDebugActiveProcess,0x00bf,0x00c0,0x00c2,0x00c5,0x00c6,0x00c7,0x00c8,0x00c9,0x00c9,0x00cd,0x00cd,0x00cd,0x00ce,0x00ce,0x00d2,0x00d3,0x00d4,0x00d4,0x00d5,0x00d6,0x00d6
142,NtDebugContinue,0x00c0,0x00c1,0x00c3,0x00c6,0x00c7,0x00c8,0x00c9,0x00ca,0x00ca,0x00ce,0x00ce,0x00ce,0x00cf,0x00cf,0x00d3,0x00d4,0x00d5,0x00d5,0x00d6,0x00d7,0x00d7
143,NtDelayExecution,0x0034,0x0034,0x0034,0x0034,0x0034,0x0034,0x0034,0x0034,0x0034,0x0034,0x0034,0x0034,0x0034,0x0034,0x0034,0x0034,0x0034,0x0034,0x0034,0x0034,0x0034
144,NtDeleteAtom,0x00c1,0x00c2,0x00c4,0x00c7,0x00c8,0x00c9,0x00ca,0x00cb,0x00cb,0x00cf,0x00cf,0x00cf,0x00d0,0x00d0,0x00d4,0x00d5,0x00d6,0x00d6,0x00d7,0x00d8,0x00d8
145,NtDeleteBootEntry,0x00c2,0x00c3,0x00c5,0x00c8,0x00c9,0x00ca,0x00cb,0x00cc,0x00cc,0x00d0,0x00d0,0x00d0,0x00d1,0x00d1,0x00d5,0x00d6,0x00d7,0x00d7,0x00d8,0x00d9,0x00d9
146,NtDeleteDriverEntry,0x00c3,0x00c4,0x00c6,0x00c9,0x00ca,0x00cb,0x00cc,0x00cd,0x00cd,0x00d1,0x00d1,0x00d1,0x00d2,0x00d2,0x00d6,0x00d7,0x00d8,0x00d8,0x00d9,0x00da,0x00da
147,NtDeleteFile,0x00c4,0x00c5,0x00c7,0x00ca,0x00cb,0x00cc,0x00cd,0x00ce,0x00ce,0x00d2,0x00d2,0x00d2,0x00d3,0x00d3,0x00d7,0x00d8,0x00d9,0x00d9,0x00da,0x00db,0x00db
148,NtDeleteKey,0x00c5,0x00c6,0x00c8,0x00cb,0x00cc,0x00cd,0x00ce,0x00cf,0x00cf,0x00d3,0x00d3,0x00d3,0x00d4,0x00d4,0x00d8,0x00d9,0x00da,0x00da,0x00db,0x00dc,0x00dc
149,NtDeleteObjectAuditAlarm,0x00c6,0x00c7,0x00c9,0x00cc,0x00cd,0x00ce,0x00cf,0x00d0,0x00d0,0x00d4,0x00d4,0x00d4,0x00d5,0x00d5,0x00d9,0x00da,0x00db,0x00db,0x00dc,0x00dd,0x00dd
150,NtDeletePrivateNamespace,0x00c7,0x00c8,0x00ca,0x00cd,0x00ce,0x00cf,0x00d0,0x00d1,0x00d1,0x00d5,0x00d5,0x00d5,0x00d6,0x00d6,0x00da,0x00db,0x00dc,0x00dc,0x00dd,0x00de,0x00de
151,NtDeleteValueKey,0x00c8,0x00c9,0x00cb,0x00ce,0x00cf,0x00d0,0x00d1,0x00d2,0x00d2,0x00d6,0x00d6,0x00d6,0x00d7,0x00d7,0x00db,0x00dc,0x00dd,0x00dd,0x00de,0x00df,0x00df
152,NtDeleteWnfStateData,0x00c9,0x00ca,0x00cc,0x00cf,0x00d0,0x00d1,0x00d2,0x00d3,0x00d3,0x00d7,0x00d7,0x00d7,0x00d8,0x00d8,0x00dc,0x00dd,0x00de,0x00de,0x00df,0x00e0,0x00e0
153,NtDeleteWnfStateName,0x00ca,0x00cb,0x00cd,0x00d0,0x00d1,0x00d2,0x00d3,0x00d4,0x00d4,0x00d8,0x00d8,0x00d8,0x00d9,0x00d9,0x00dd,0x00de,0x00df,0x00df,0x00e0,0x00e1,0x00e1
154,NtDeviceIoControlFile,0x0007,0x0007,0x0007,0x0007,0x0007,0x0007,0x0007,0x0007,0x0007,0x0007,0x0007,0x0007,0x0007,0x0007,0x0007,0x0007,0x0007,0x0007,0x0007,0x0007,0x0007
155,NtDirectGraphicsCall,,,,,,,,,,0x00d9,0x00d9,0x00d9,0x00da,0x00da,0x00de,0x00df,0x00e0,0x00e0,0x00e1,0x00e2,0x00e2
156,NtDisableLastKnownGood,0x00cb,0x00cc,0x00ce,0x00d1,0x00d2,0x00d3,0x00d4,0x00d5,0x00d5,0x00da,0x00da,0x00da,0x00db,0x00db,0x00df,0x00e0,0x00e1,0x00e1,0x00e2,0x00e3,0x00e3
157,NtDisplayString,0x00cc,0x00cd,0x00cf,0x00d2,0x00d3,0x00d4,0x00d5,0x00d6,0x00d6,0x00db,0x00db,0x00db,0x00dc,0x00dc,0x00e0,0x00e1,0x00e2,0x00e2,0x00e3,0x00e4,0x00e4
158,NtDrawText,0x00cd,0x00ce,0x00d0,0x00d3,0x00d4,0x00d5,0x00d6,0x00d7,0x00d7,0x00dc,0x00dc,0x00dc,0x00dd,0x00dd,0x00e1,0x00e2,0x00e3,0x00e3,0x00e4,0x00e5,0x00e5
159,NtDuplicateObject,0x003c,0x003c,0x003c,0x003c,0x003c,0x003c,0x003c,0x003c,0x003c,0x003c,0x003c,0x003c,0x003c,0x003c,0x003c,0x003c,0x003c,0x003c,0x003c,0x003c,0x003c
160,NtDuplicateToken,0x0042,0x0042,0x0042,0x0042,0x0042,0x0042,0x0042,0x0042,0x0042,0x0042,0x0042,0x0042,0x0042,0x0042,0x0042,0x0042,0x0042,0x0042,0x0042,0x0042,0x0042
161,NtEnableLastKnownGood,0x00ce,0x00cf,0x00d1,0x00d4,0x00d5,0x00d6,0x00d7,0x00d8,0x00d8,0x00dd,0x00dd,0x00dd,0x00de,0x00de,0x00e2,0x00e3,0x00e4,0x00e4,0x00e5,0x00e6,0x00e6
162,NtEnumerateBootEntries,0x00cf,0x00d0,0x00d2,0x00d5,0x00d6,0x00d7,0x00d8,0x00d9,0x00d9,0x00de,0x00de,0x00de,0x00df,0x00df,0x00e3,0x00e4,0x00e5,0x00e5,0x00e6,0x00e7,0x00e7
163,NtEnumerateDriverEntries,0x00d0,0x00d1,0x00d3,0x00d6,0x00d7,0x00d8,0x00d9,0x00da,0x00da,0x00df,0x00df,0x00df,0x00e0,0x00e0,0x00e4,0x00e5,0x00e6,0x00e6,0x00e7,0x00e8,0x00e8
164,NtEnumerateKey,0x0032,0x0032,0x0032,0x0032,0x0032,0x0032,0x0032,0x0032,0x0032,0x0032,0x0032,0x0032,0x0032,0x0032,0x0032,0x0032,0x0032,0x0032,0x0032,0x0032,0x0032
165,NtEnumerateSystemEnvironmentValuesEx,0x00d1,0x00d2,0x00d4,0x00d7,0x00d8,0x00d9,0x00da,0x00db,0x00db,0x00e0,0x00e0,0x00e0,0x00e1,0x00e1,0x00e5,0x00e6,0x00e7,0x00e7,0x00e8,0x00e9,0x00e9
166,NtEnumerateTransactionObject,0x00d2,0x00d3,0x00d5,0x00d8,0x00d9,0x00da,0x00db,0x00dc,0x00dc,0x00e1,0x00e1,0x00e1,0x00e2,0x00e2,0x00e6,0x00e7,0x00e8,0x00e8,0x00e9,0x00ea,0x00ea
167,NtEnumerateValueKey,0x0013,0x0013,0x0013,0x0013,0x0013,0x0013,0x0013,0x0013,0x0013,0x0013,0x0013,0x0013,0x0013,0x0013,0x0013,0x0013,0x0013,0x0013,0x0013,0x0013,0x0013
168,NtExtendSection,0x00d3,0x00d4,0x00d6,0x00d9,0x00da,0x00db,0x00dc,0x00dd,0x00dd,0x00e2,0x00e2,0x00e2,0x00e3,0x00e3,0x00e7,0x00e8,0x00e9,0x00e9,0x00ea,0x00eb,0x00eb
169,NtFilterBootOption,0x00d4,0x00d5,0x00d7,0x00da,0x00db,0x00dc,0x00dd,0x00de,0x00de,0x00e3,0x00e3,0x00e3,0x00e4,0x00e4,0x00e8,0x00e9,0x00ea,0x00ea,0x00eb,0x00ec,0x00ec
170,NtFilterToken,0x00d5,0x00d6,0x00d8,0x00db,0x00dc,0x00dd,0x00de,0x00df,0x00df,0x00e4,0x00e4,0x00e4,0x00e5,0x00e5,0x00e9,0x00ea,0x00eb,0x00eb,0x00ec,0x00ed,0x00ed
171,NtFilterTokenEx,0x00d6,0x00d7,0x00d9,0x00dc,0x00dd,0x00de,0x00df,0x00e0,0x00e0,0x00e5,0x00e5,0x00e5,0x00e6,0x00e6,0x00ea,0x00eb,0x00ec,0x00ec,0x00ed,0x00ee,0x00ee
172,NtFindAtom,0x0014,0x0014,0x0014,0x0014,0x0014,0x0014,0x0014,0x0014,0x0014,0x0014,0x0014,0x0014,0x0014,0x0014,0x0014,0x0014,0x0014,0x0014,0x0014,0x0014,0x0014
173,NtFlushBuffersFile,0x004b,0x004b,0x004b,0x004b,0x004b,0x004b,0x004b,0x004b,0x004b,0x004b,0x004b,0x004b,0x004b,0x004b,0x004b,0x004b,0x004b,0x004b,0x004b,0x004b,0x004b
174,NtFlushBuffersFileEx,0x00d7,0x00d8,0x00da,0x00dd,0x00de,0x00df,0x00e0,0x00e1,0x00e1,0x00e6,0x00e6,0x00e6,0x00e7,0x00e7,0x00eb,0x00ec,0x00ed,0x00ed,0x00ee,0x00ef,0x00ef
175,NtFlushInstallUILanguage,0x00d8,0x00d9,0x00db,0x00de,0x00df,0x00e0,0x00e1,0x00e2,0x00e2,0x00e7,0x00e7,0x00e7,0x00e8,0x00e8,0x00ec,0x00ed,0x00ee,0x00ee,0x00ef,0x00f0,0x00f0
176,NtFlushInstructionCache,0x00d9,0x00da,0x00dc,0x00df,0x00e0,0x00e1,0x00e2,0x00e3,0x00e3,0x00e8,0x00e8,0x00e8,0x00e9,0x00e9,0x00ed,0x00ee,0x00ef,0x00ef,0x00f0,0x00f1,0x00f1
177,NtFlushKey,0x00da,0x00db,0x00dd,0x00e0,0x00e1,0x00e2,0x00e3,0x00e4,0x00e4,0x00e9,0x00e9,0x00e9,0x00ea,0x00ea,0x00ee,0x00ef,0x00f0,0x00f0,0x00f1,0x00f2,0x00f2
178,NtFlushProcessWriteBuffers,0x00db,0x00dc,0x00de,0x00e1,0x00e2,0x00e3,0x00e4,0x00e5,0x00e5,0x00ea,0x00ea,0x00ea,0x00eb,0x00eb,0x00ef,0x00f0,0x00f1,0x00f1,0x00f2,0x00f3,0x00f3
179,NtFlushVirtualMemory,0x00dc,0x00dd,0x00df,0x00e2,0x00e3,0x00e4,0x00e5,0x00e6,0x00e6,0x00eb,0x00eb,0x00eb,0x00ec,0x00ec,0x00f0,0x00f1,0x00f2,0x00f2,0x00f3,0x00f4,0x00f4
180,NtFlushWriteBuffer,0x00dd,0x00de,0x00e0,0x00e3,0x00e4,0x00e5,0x00e6,0x00e7,0x00e7,0x00ec,0x00ec,0x00ec,0x00ed,0x00ed,0x00f1,0x00f2,0x00f3,0x00f3,0x00f4,0x00f5,0x00f5
181,NtFreeUserPhysicalPages,0x00de,0x00df,0x00e1,0x00e4,0x00e5,0x00e6,0x00e7,0x00e8,0x00e8,0x00ed,0x00ed,0x00ed,0x00ee,0x00ee,0x00f2,0x00f3,0x00f4,0x00f4,0x00f5,0x00f6,0x00f6
182,NtFreeVirtualMemory,0x001e,0x001e,0x001e,0x001e,0x001e,0x001e,0x001e,0x001e,0x001e,0x001e,0x001e,0x001e,0x001e,0x001e,0x001e,0x001e,0x001e,0x001e,0x001e,0x001e,0x001e
183,NtFreezeRegistry,0x00df,0x00e0,0x00e2,0x00e5,0x00e6,0x00e7,0x00e8,0x00e9,0x00e9,0x00ee,0x00ee,0x00ee,0x00ef,0x00ef,0x00f3,0x00f4,0x00f5,0x00f5,0x00f6,0x00f7,0x00f7
184,NtFreezeTransactions,0x00e0,0x00e1,0x00e3,0x00e6,0x00e7,0x00e8,0x00e9,0x00ea,0x00ea,0x00ef,0x00ef,0x00ef,0x00f0,0x00f0,0x00f4,0x00f5,0x00f6,0x00f6,0x00f7,0x00f8,0x00f8
185,NtFsControlFile,0x0039,0x0039,0x0039,0x0039,0x0039,0x0039,0x0039,0x0039,0x0039,0x0039,0x0039,0x0039,0x0039,0x0039,0x0039,0x0039,0x0039,0x0039,0x0039,0x0039,0x0039
186,NtGetCachedSigningLevel,0x00e1,0x00e2,0x00e4,0x00e7,0x00e8,0x00e9,0x00ea,0x00eb,0x00eb,0x00f0,0x00f0,0x00f0,0x00f1,0x00f1,0x00f5,0x00f6,0x00f7,0x00f7,0x00f8,0x00f9,0x00f9
187,NtGetCompleteWnfStateSubscription,0x00e2,0x00e3,0x00e5,0x00e8,0x00e9,0x00ea,0x00eb,0x00ec,0x00ec,0x00f1,0x00f1,0x00f1,0x00f2,0x00f2,0x00f6,0x00f7,0x00f8,0x00f8,0x00f9,0x00fa,0x00fa
188,NtGetContextThread,0x00e3,0x00e4,0x00e6,0x00e9,0x00ea,0x00eb,0x00ec,0x00ed,0x00ed,0x00f2,0x00f2,0x00f2,0x00f3,0x00f3,0x00f7,0x00f8,0x00f9,0x00f9,0x00fa,0x00fb,0x00fb
189,NtGetCurrentProcessorNumber,0x00e4,0x00e5,0x00e7,0x00ea,0x00eb,0x00ec,0x00ed,0x00ee,0x00ee,0x00f3,0x00f3,0x00f3,0x00f4,0x00f4,0x00f8,0x00f9,0x00fa,0x00fa,0x00fb,0x00fc,0x00fc
190,NtGetCurrentProcessorNumberEx,0x00e5,0x00e6,0x00e8,0x00eb,0x00ec,0x00ed,0x00ee,0x00ef,0x00ef,0x00f4,0x00f4,0x00f4,0x00f5,0x00f5,0x00f9,0x00fa,0x00fb,0x00fb,0x00fc,0x00fd,0x00fd
191,NtGetDevicePowerState,0x00e6,0x00e7,0x00e9,0x00ec,0x00ed,0x00ee,0x00ef,0x00f0,0x00f0,0x00f5,0x00f5,0x00f5,0x00f6,0x00f6,0x00fa,0x00fb,0x00fc,0x00fc,0x00fd,0x00fe,0x00fe
192,NtGetMUIRegistryInfo,0x00e7,0x00e8,0x00ea,0x00ed,0x00ee,0x00ef,0x00f0,0x00f1,0x00f1,0x00f6,0x00f6,0x00f6,0x00f7,0x00f7,0x00fb,0x00fc,0x00fd,0x00fd,0x00fe,0x00ff,0x00ff
193,NtGetNextProcess,0x00e8,0x00e9,0x00eb,0x00ee,0x00ef,0x00f0,0x00f1,0x00f2,0x00f2,0x00f7,0x00f7,0x00f7,0x00f8,0x00f8,0x00fc,0x00fd,0x00fe,0x00fe,0x00ff,0x0100,0x0100
194,NtGetNextThread,0x00e9,0x00ea,0x00ec,0x00ef,0x00f0,0x00f1,0x00f2,0x00f3,0x00f3,0x00f8,0x00f8,0x00f8,0x00f9,0x00f9,0x00fd,0x00fe,0x00ff,0x00ff,0x0100,0x0101,0x0101
195,NtGetNlsSectionPtr,0x00ea,0x00eb,0x00ed,0x00f0,0x00f1,0x00f2,0x00f3,0x00f4,0x00f4,0x00f9,0x00f9,0x00f9,0x00fa,0x00fa,0x00fe,0x00ff,0x0100,0x0100,0x0101,0x0102,0x0102
196,NtGetNotificationResourceManager,0x00eb,0x00ec,0x00ee,0x00f1,0x00f2,0x00f3,0x00f4,0x00f5,0x00f5,0x00fa,0x00fa,0x00fa,0x00fb,0x00fb,0x00ff,0x0100,0x0101,0x0101,0x0102,0x0103,0x0103
197,NtGetPlugPlayEvent,,,,,,,,,,,,,,,,,,,,,
198,NtGetWriteWatch,0x00ec,0x00ed,0x00ef,0x00f2,0x00f3,0x00f4,0x00f5,0x00f6,0x00f6,0x00fb,0x00fb,0x00fb,0x00fc,0x00fc,0x0100,0x0101,0x0102,0x0102,0x0103,0x0104,0x0104
199,NtImpersonateAnonymousToken,0x00ed,0x00ee,0x00f0,0x00f3,0x00f4,0x00f5,0x00f6,0x00f7,0x00f7,0x00fc,0x00fc,0x00fc,0x00fd,0x00fd,0x0101,0x0102,0x0103,0x0103,0x0104,0x0105,0x0105
200,NtImpersonateClientOfPort,0x001f,0x001f,0x001f,0x001f,0x001f,0x001f,0x001f,0x001f,0x001f,0x001f,0x001f,0x001f,0x001f,0x001f,0x001f,0x001f,0x001f,0x001f,0x001f,0x001f,0x001f
201,NtImpersonateThread,0x00ee,0x00ef,0x00f1,0x00f4,0x00f5,0x00f6,0x00f7,0x00f8,0x00f8,0x00fd,0x00fd,0x00fd,0x00fe,0x00fe,0x0102,0x0103,0x0104,0x0104,0x0105,0x0106,0x0106
202,NtInitializeEnclave,,0x00f0,0x00f2,0x00f5,0x00f6,0x00f7,0x00f8,0x00f9,0x00f9,0x00fe,0x00fe,0x00fe,0x00ff,0x00ff,0x0103,0x0104,0x0105,0x0105,0x0106,0x0107,0x0107
203,NtInitializeNlsFiles,0x00ef,0x00f1,0x00f3,0x00f6,0x00f7,0x00f8,0x00f9,0x00fa,0x00fa,0x00ff,0x00ff,0x00ff,0x0100,0x0100,0x0104,0x0105,0x0106,0x0106,0x0107,0x0108,0x0108
204,NtInitializeRegistry,0x00f0,0x00f2,0x00f4,0x00f7,0x00f8,0x00f9,0x00fa,0x00fb,0x00fb,0x0100,0x0100,0x0100,0x0101,0x0101,0x0105,0x0106,0x0107,0x0107,0x0108,0x0109,0x0109
205,NtInitiatePowerAction,0x00f1,0x00f3,0x00f5,0x00f8,0x00f9,0x00fa,0x00fb,0x00fc,0x00fc,0x0101,0x0101,0x0101,0x0102,0x0102,0x0106,0x0107,0x0108,0x0108,0x0109,0x010a,0x010a
206,NtIsProcessInJob,0x004f,0x004f,0x004f,0x004f,0x004f,0x004f,0x004f,0x004f,0x004f,0x004f,0x004f,0x004f,0x004f,0x004f,0x004f,0x004f,0x004f,0x004f,0x004f,0x004f,0x004f
207,NtIsSystemResumeAutomatic,0x00f2,0x00f4,0x00f6,0x00f9,0x00fa,0x00fb,0x00fc,0x00fd,0x00fd,0x0102,0x0102,0x0102,0x0103,0x0103,0x0107,0x0108,0x0109,0x0109,0x010a,0x010b,0x010b
208,NtIsUILanguageComitted,0x00f3,0x00f5,0x00f7,0x00fa,0x00fb,0x00fc,0x00fd,0x00fe,0x00fe,0x0103,0x0103,0x0103,0x0104,0x0104,0x0108,0x0109,0x010a,0x010a,0x010b,0x010c,0x010c
209,NtListTransactions,,,,,,,,,,,,,,,,,,,,,
210,NtListenPort,0x00f4,0x00f6,0x00f8,0x00fb,0x00fc,0x00fd,0x00fe,0x00ff,0x00ff,0x0104,0x0104,0x0104,0x0105,0x0105,0x0109,0x010a,0x010b,0x010b,0x010c,0x010d,0x010d
211,NtLoadDriver,0x00f5,0x00f7,0x00f9,0x00fc,0x00fd,0x00fe,0x00ff,0x0100,0x0100,0x0105,0x0105,0x0105,0x0106,0x0106,0x010a,0x010b,0x010c,0x010c,0x010d,0x010e,0x010e
212,NtLoadEnclaveData,,0x00f8,0x00fa,0x00fd,0x00fe,0x00ff,0x0100,0x0101,0x0101,0x0106,0x0106,0x0106,0x0107,0x0107,0x010b,0x010c,0x010d,0x010d,0x010e,0x010f,0x010f
213,NtLoadHotPatch,,,,0x00fe,0x00ff,0x0100,,,,,,,,,,,,,,,
214,NtLoadKey,0x00f6,0x00f9,0x00fb,0x00ff,0x0100,0x0101,0x0101,0x0102,0x0102,0x0107,0x0107,0x0107,0x0108,0x0108,0x010c,0x010d,0x010e,0x010e,0x010f,0x0110,0x0110
215,NtLoadKey2,0x00f7,0x00fa,0x00fc,0x0100,0x0101,0x0102,0x0102,0x0103,0x0103,0x0108,0x0108,0x0108,0x0109,0x0109,0x010d,0x010e,0x010f,0x010f,0x0110,0x0111,0x0111
216,NtLoadKey3,,,,,,,,,,0x01d6,0x01d6,0x01d6,0x01d7,0x01d7,0x010e,0x010f,0x0110,0x0110,0x0111,0x0112,0x0112
217,NtLoadKeyEx,0x00f8,0x00fb,0x00fd,0x0101,0x0102,0x0103,0x0103,0x0104,0x0104,0x0109,0x0109,0x0109,0x010a,0x010a,0x010f,0x0110,0x0111,0x0111,0x0112,0x0113,0x0113
218,NtLockFile,0x00f9,0x00fc,0x00fe,0x0102,0x0103,0x0104,0x0104,0x0105,0x0105,0x010a,0x010a,0x010a,0x010b,0x010b,0x0110,0x0111,0x0112,0x0112,0x0113,0x0114,0x0114
219,NtLockProductActivationKeys,0x00fa,0x00fd,0x00ff,0x0103,0x0104,0x0105,0x0105,0x0106,0x0106,0x010b,0x010b,0x010b,0x010c,0x010c,0x0111,0x0112,0x0113,0x0113,0x0114,0x0115,0x0115
220,NtLockRegistryKey,0x00fb,0x00fe,0x0100,0x0104,0x0105,0x0106,0x0106,0x0107,0x0107,0x010c,0x010c,0x010c,0x010d,0x010d,0x0112,0x0113,0x0114,0x0114,0x0115,0x0116,0x0116
221,NtLockVirtualMemory,0x00fc,0x00ff,0x0101,0x0105,0x0106,0x0107,0x0107,0x0108,0x0108,0x010d,0x010d,0x010d,0x010e,0x010e,0x0113,0x0114,0x0115,0x0115,0x0116,0x0117,0x0117
222,NtMakePermanentObject,0x00fd,0x0100,0x0102,0x0106,0x0107,0x0108,0x0108,0x0109,0x0109,0x010e,0x010e,0x010e,0x010f,0x010f,0x0114,0x0115,0x0116,0x0116,0x0117,0x0118,0x0118
223,NtMakeTemporaryObject,0x00fe,0x0101,0x0103,0x0107,0x0108,0x0109,0x0109,0x010a,0x010a,0x010f,0x010f,0x010f,0x0110,0x0110,0x0115,0x0116,0x0117,0x0117,0x0118,0x0119,0x0119
224,NtManageHotPatch,,,,,,,0x010a,0x010b,0x010b,0x0110,0x0110,0x0110,0x0111,0x0111,0x0116,0x0117,0x0118,0x0118,0x0119,0x011a,0x011a
225,NtManagePartition,0x00ff,0x0102,0x0104,0x0108,0x0109,0x010a,0x010b,0x010c,0x010c,0x0111,0x0111,0x0111,0x0112,0x0112,0x0117,0x0118,0x0119,0x0119,0x011a,0x011b,0x011b
226,NtMapCMFModule,0x0100,0x0103,0x0105,0x0109,0x010a,0x010b,0x010c,0x010d,0x010d,0x0112,0x0112,0x0112,0x0113,0x0113,0x0118,0x0119,0x011a,0x011a,0x011b,0x011c,0x011c
227,NtMapUserPhysicalPages,0x0101,0x0104,0x0106,0x010a,0x010b,0x010c,0x010d,0x010e,0x010e,0x0113,0x0113,0x0113,0x0114,0x0114,0x0119,0x011a,0x011b,0x011b,0x011c,0x011d,0x011d
228,NtMapUserPhysicalPagesScatter,0x0003,0x0003,0x0003,0x0003,0x0003,0x0003,0x0003,0x0003,0x0003,0x0003,0x0003,0x0003,0x0003,0x0003,0x0003,0x0003,0x0003,0x0003,0x0003,0x0003,0x0003
229,NtMapViewOfSection,0x0028,0x0028,0x0028,0x0028,0x0028,0x0028,0x0028,0x0028,0x0028,0x0028,0x0028,0x0028,0x0028,0x0028,0x0028,0x0028,0x0028,0x0028,0x0028,0x0028,0x0028
230,NtMapViewOfSectionEx,,,,,,0x010d,0x010e,0x010f,0x010f,0x0114,0x0114,0x0114,0x0115,0x0115,0x011a,0x011b,0x011c,0x011c,0x011d,0x011e,0x011e
231,NtMarshallTransaction,,,,,,,,,,,,,,,,,,,,,
232,NtModifyBootEntry,0x0102,0x0105,0x0107,0x010b,0x010c,0x010e,0x010f,0x0110,0x0110,0x0115,0x0115,0x0115,0x0116,0x0116,0x011b,0x011c,0x011d,0x011d,0x011e,0x011f,0x011f
233,NtModifyDriverEntry,0x0103,0x0106,0x0108,0x010c,0x010d,0x010f,0x0110,0x0111,0x0111,0x0116,0x0116,0x0116,0x0117,0x0117,0x011c,0x011d,0x011e,0x011e,0x011f,0x0120,0x0120
234,NtNotifyChangeDirectoryFile,0x0104,0x0107,0x0109,0x010d,0x010e,0x0110,0x0111,0x0112,0x0112,0x0117,0x0117,0x0117,0x0118,0x0118,0x011d,0x011e,0x011f,0x011f,0x0120,0x0121,0x0121
235,NtNotifyChangeDirectoryFileEx,,,,,0x010f,0x0111,0x0112,0x0113,0x0113,0x0118,0x0118,0x0118,0x0119,0x0119,0x011e,0x011f,0x0120,0x0120,0x0121,0x0122,0x0122
236,NtNotifyChangeKey,0x0105,0x0108,0x010a,0x010e,0x0110,0x0112,0x0113,0x0114,0x0114,0x0119,0x0119,0x0119,0x011a,0x011a,0x011f,0x0120,0x0121,0x0121,0x0122,0x0123,0x0123
237,NtNotifyChangeMultipleKeys,0x0106,0x0109,0x010b,0x010f,0x0111,0x0113,0x0114,0x0115,0x0115,0x011a,0x011a,0x011a,0x011b,0x011b,0x0120,0x0121,0x0122,0x0122,0x0123,0x0124,0x0124
238,NtNotifyChangeSession,0x0107,0x010a,0x010c,0x0110,0x0112,0x0114,0x0115,0x0116,0x0116,0x011b,0x011b,0x011b,0x011c,0x011c,0x0121,0x0122,0x0123,0x0123,0x0124,0x0125,0x0125
239,NtOpenCpuPartition,,,,,,,,,,,,,,,,,0x0124,0x0124,0x0125,0x0126,0x0126
240,NtOpenDirectoryObject,0x0058,0x0058,0x0058,0x0058,0x0058,0x0058,0x0058,0x0058,0x0058,0x0058,0x0058,0x0058,0x0058,0x0058,0x0058,0x0058,0x0058,0x0058,0x0058,0x0058,0x0058
241,NtOpenEnlistment,0x0108,0x010b,0x010d,0x0111,0x0113,0x0115,0x0116,0x0117,0x0117,0x011c,0x011c,0x011c,0x011d,0x011d,0x0122,0x0123,0x0125,0x0125,0x0126,0x0127,0x0127
242,NtOpenEvent,0x0040,0x0040,0x0040,0x0040,0x0040,0x0040,0x0040,0x0040,0x0040,0x0040,0x0040,0x0040,0x0040,0x0040,0x0040,0x0040,0x0040,0x0040,0x0040,0x0040,0x0040
243,NtOpenEventPair,0x0109,0x010c,0x010e,0x0112,0x0114,0x0116,0x0117,0x0118,0x0118,0x011d,0x011d,0x011d,0x011e,0x011e,0x0123,0x0124,0x0126,0x0126,0x0127,0x0128,0x0128
244,NtOpenFile,0x0033,0x0033,0x0033,0x0033,0x0033,0x0033,0x0033,0x0033,0x0033,0x0033,0x0033,0x0033,0x0033,0x0033,0x0033,0x0033,0x0033,0x0033,0x0033,0x0033,0x0033
245,NtOpenIoCompletion,0x010a,0x010d,0x010f,0x0113,0x0115,0x0117,0x0118,0x0119,0x0119,0x011e,0x011e,0x011e,0x011f,0x011f,0x0124,0x0125,0x0127,0x0127,0x0128,0x0129,0x0129
246,NtOpenJobObject,0x010b,0x010e,0x0110,0x0114,0x0116,0x0118,0x0119,0x011a,0x011a,0x011f,0x011f,0x011f,0x0120,0x0120,0x0125,0x0126,0x0128,0x0128,0x0129,0x012a,0x012a
247,NtOpenKey,0x0012,0x0012,0x0012,0x0012,0x0012,0x0012,0x0012,0x0012,0x0012,0x0012,0x0012,0x0012,0x0012,0x0012,0x0012,0x0012,0x0012,0x0012,0x0012,0x0012,0x0012
248,NtOpenKeyEx,0x010c,0x010f,0x0111,0x0115,0x0117,0x0119,0x011a,0x011b,0x011b,0x0120,0x0120,0x0120,0x0121,0x0121,0x0126,0x0127,0x0129,0x0129,0x012a,0x012b,0x012b
249,NtOpenKeyTransacted,0x010d,0x0110,0x0112,0x0116,0x0118,0x011a,0x011b,0x011c,0x011c,0x0121,0x0121,0x0121,0x0122,0x0122,0x0127,0x0128,0x012a,0x012a,0x012b,0x012c,0x012c
250,NtOpenKeyTransactedEx,0x010e,0x0111,0x0113,0x0117,0x0119,0x011b,0x011c,0x011d,0x011d,0x0122,0x0122,0x0122,0x0123,0x0123,0x0128,0x0129,0x012b,0x012b,0x012c,0x012d,0x012d
251,NtOpenKeyedEvent,0x010f,0x0112,0x0114,0x0118,0x011a,0x011c,0x011d,0x011e,0x011e,0x0123,0x0123,0x0123,0x0124,0x0124,0x0129,0x012a,0x012c,0x012c,0x012d,0x012e,0x012e
252,NtOpenMutant,0x0110,0x0113,0x0115,0x0119,0x011b,0x011d,0x011e,0x011f,0x011f,0x0124,0x0124,0x0124,0x0125,0x0125,0x012a,0x012b,0x012d,0x012d,0x012e,0x012f,0x012f
253,NtOpenObjectAuditAlarm,0x0111,0x0114,0x0116,0x011a,0x011c,0x011e,0x011f,0x0120,0x0120,0x0125,0x0125,0x0125,0x0126,0x0126,0x012b,0x012c,0x012e,0x012e,0x012f,0x0130,0x0130
254,NtOpenPartition,0x0112,0x0115,0x0117,0x011b,0x011d,0x011f,0x0120,0x0121,0x0121,0x0126,0x0126,0x0126,0x0127,0x0127,0x012c,0x012d,0x012f,0x012f,0x0130,0x0131,0x0131
255,NtOpenPrivateNamespace,0x0113,0x0116,0x0118,0x011c,0x011e,0x0120,0x0121,0x0122,0x0122,0x0127,0x0127,0x0127,0x0128,0x0128,0x012d,0x012e,0x0130,0x0130,0x0131,0x0132,0x0132
256,NtOpenProcess,0x0026,0x0026,0x0026,0x0026,0x0026,0x0026,0x0026,0x0026,0x0026,0x0026,0x0026,0x0026,0x0026,0x0026,0x0026,0x0026,0x0026,0x0026,0x0026,0x0026,0x0026
257,NtOpenProcessToken,0x0114,0x0117,0x0119,0x011d,0x011f,0x0121,0x0122,0x0123,0x0123,0x0128,0x0128,0x0128,0x0129,0x0129,0x012e,0x012f,0x0131,0x0131,0x0132,0x0133,0x0133
258,NtOpenProcessTokenEx,0x0030,0x0030,0x0030,0x0030,0x0030,0x0030,0x0030,0x0030,0x0030,0x0030,0x0030,0x0030,0x0030,0x0030,0x0030,0x0030,0x0030,0x0030,0x0030,0x0030,0x0030
259,NtOpenRegistryTransaction,,,0x011a,0x011e,0x0120,0x0122,0x0123,0x0124,0x0124,0x0129,0x0129,0x0129,0x012a,0x012a,0x012f,0x0130,0x0132,0x0132,0x0133,0x0134,0x0134
260,NtOpenResourceManager,0x0115,0x0118,0x011b,0x011f,0x0121,0x0123,0x0124,0x0125,0x0125,0x012a,0x012a,0x012a,0x012b,0x012b,0x0130,0x0131,0x0133,0x0133,0x0134,0x0135,0x0135
261,NtOpenSection,0x0037,0x0037,0x0037,0x0037,0x0037,0x0037,0x0037,0x0037,0x0037,0x0037,0x0037,0x0037,0x0037,0x0037,0x0037,0x0037,0x0037,0x0037,0x0037,0x0037,0x0037
262,NtOpenSemaphore,0x0116,0x0119,0x011c,0x0120,0x0122,0x0124,0x0125,0x0126,0x0126,0x012b,0x012b,0x012b,0x012c,0x012c,0x0131,0x0132,0x0134,0x0134,0x0135,0x0136,0x0136
263,NtOpenSession,0x0117,0x011a,0x011d,0x0121,0x0123,0x0125,0x0126,0x0127,0x0127,0x012c,0x012c,0x012c,0x012d,0x012d,0x0132,0x0133,0x0135,0x0135,0x0136,0x0137,0x0137
264,NtOpenSymbolicLinkObject,0x0118,0x011b,0x011e,0x0122,0x0124,0x0126,0x0127,0x0128,0x0128,0x012d,0x012d,0x012d,0x012e,0x012e,0x0133,0x0134,0x0136,0x0136,0x0137,0x0138,0x0138
265,NtOpenThread,0x0119,0x011c,0x011f,0x0123,0x0125,0x0127,0x0128,0x0129,0x0129,0x012e,0x012e,0x012e,0x012f,0x012f,0x0134,0x0135,0x0137,0x0137,0x0138,0x0139,0x0139
266,NtOpenThreadToken,0x0024,0x0024,0x0024,0x0024,0x0024,0x0024,0x0024,0x0024,0x0024,0x0024,0x0024,0x0024,0x0024,0x0024,0x0024,0x0024,0x0024,0x0024,0x0024,0x0024,0x0024
267,NtOpenThreadTokenEx,0x002f,0x002f,0x002f,0x002f,0x002f,0x002f,0x002f,0x002f,0x002f,0x002f,0x002f,0x002f,0x002f,0x002f,0x002f,0x002f,0x002f,0x002f,0x002f,0x002f,0x002f
268,NtOpenTimer,0x011a,0x011d,0x0120,0x0124,0x0126,0x0128,0x0129,0x012a,0x012a,0x012f,0x012f,0x012f,0x0130,0x0130,0x0135,0x0136,0x0138,0x0138,0x0139,0x013a,0x013a
269,NtOpenTransaction,0x011b,0x011e,0x0121,0x0125,0x0127,0x0129,0x012a,0x012b,0x012b,0x0130,0x0130,0x0130,0x0131,0x0131,0x0136,0x0137,0x0139,0x0139,0x013a,0x013b,0x013b
270,NtOpenTransactionManager,0x011c,0x011f,0x0122,0x0126,0x0128,0x012a,0x012b,0x012c,0x012c,0x0131,0x0131,0x0131,0x0132,0x0132,0x0137,0x0138,0x013a,0x013a,0x013b,0x013c,0x013c
271,NtPlugPlayControl,0x011d,0x0120,0x0123,0x0127,0x0129,0x012b,0x012c,0x012d,0x012d,0x0132,0x0132,0x0132,0x0133,0x0133,0x0138,0x0139,0x013b,0x013b,0x013c,0x013d,0x013d
272,NtPowerInformation,0x005f,0x005f,0x005f,0x005f,0x005f,0x005f,0x005f,0x005f,0x005f,0x005f,0x005f,0x005f,0x005f,0x005f,0x005f,0x005f,0x005f,0x005f,0x005f,0x005f,0x005f
273,NtPrePrepareComplete,0x011e,0x0121,0x0124,0x0128,0x012a,0x012c,0x012d,0x012e,0x012e,0x0133,0x0133,0x0133,0x0134,0x0134,0x0139,0x013a,0x013c,0x013c,0x013d,0x013e,0x013e
274,NtPrePrepareEnlistment,0x011f,0x0122,0x0125,0x0129,0x012b,0x012d,0x012e,0x012f,0x012f,0x0134,0x0134,0x0134,0x0135,0x0135,0x013a,0x013b,0x013d,0x013d,0x013e,0x013f,0x013f
275,NtPrepareComplete,0x0120,0x0123,0x0126,0x012a,0x012c,0x012e,0x012f,0x0130,0x0130,0x0135,0x0135,0x0135,0x0136,0x0136,0x013b,0x013c,0x013e,0x013e,0x013f,0x0140,0x0140
276,NtPrepareEnlistment,0x0121,0x0124,0x0127,0x012b,0x012d,0x012f,0x0130,0x0131,0x0131,0x0136,0x0136,0x0136,0x0137,0x0137,0x013c,0x013d,0x013f,0x013f,0x0140,0x0141,0x0141
277,NtPrivilegeCheck,0x0122,0x0125,0x0128,0x012c,0x012e,0x0130,0x0131,0x0132,0x0132,0x0137,0x0137,0x0137,0x0138,0x0138,0x013d,0x013e,0x0140,0x0140,0x0141,0x0142,0x0142
278,NtPrivilegeObjectAuditAlarm,0x0123,0x0126,0x0129,0x012d,0x012f,0x0131,0x0132,0x0133,0x0133,0x0138,0x0138,0x0138,0x0139,0x0139,0x013e,0x013f,0x0141,0x0141,0x0142,0x0143,0x0143
279,NtPrivilegedServiceAuditAlarm,0x0124,0x0127,0x012a,0x012e,0x0130,0x0132,0x0133,0x0134,0x0134,0x0139,0x0139,0x0139,0x013a,0x013a,0x013f,0x0140,0x0142,0x0142,0x0143,0x0144,0x0144
280,NtPropagationComplete,0x0125,0x0128,0x012b,0x012f,0x0131,0x0133,0x0134,0x0135,0x0135,0x013a,0x013a,0x013a,0x013b,0x013b,0x0140,0x0141,0x0143,0x0143,0x0144,0x0145,0x0145
281,NtPropagationFailed,0x0126,0x0129,0x012c,0x0130,0x0132,0x0134,0x0135,0x0136,0x0136,0x013b,0x013b,0x013b,0x013c,0x013c,0x0141,0x0142,0x0144,0x0144,0x0145,0x0146,0x0146
282,NtProtectVirtualMemory,0x0050,0x0050,0x0050,0x0050,0x0050,0x0050,0x0050,0x0050,0x0050,0x0050,0x0050,0x0050,0x0050,0x0050,0x0050,0x0050,0x0050,0x0050,0x0050,0x0050,0x0050
283,NtPssCaptureVaSpaceBulk,,,,,,,,,,0x013c,0x013c,0x013c,0x013d,0x013d,0x0142,0x0143,0x0145,0x0145,0x0146,0x0147,0x0147
284,NtPullTransaction,,,,,,,,,,,,,,,,,,,,,
285,NtPulseEvent,0x0127,0x012a,0x012d,0x0131,0x0133,0x0135,0x0136,0x0137,0x0137,0x013d,0x013d,0x013d,0x013e,0x013e,0x0143,0x0144,0x0146,0x0146,0x0147,0x0148,0x0148
286,NtQueryAttributesFile,0x003d,0x003d,0x003d,0x003d,0x003d,0x003d,0x003d,0x003d,0x003d,0x003d,0x003d,0x003d,0x003d,0x003d,0x003d,0x003d,0x003d,0x003d,0x003d,0x003d,0x003d
287,NtQueryAuxiliaryCounterFrequency,,,,0x0132,0x0134,0x0136,0x0137,0x0138,0x0138,0x013e,0x013e,0x013e,0x013f,0x013f,0x0144,0x0145,0x0147,0x0147,0x0148,0x0149,0x0149
288,NtQueryBootEntryOrder,0x0128,0x012b,0x012e,0x0133,0x0135,0x0137,0x0138,0x0139,0x0139,0x013f,0x013f,0x013f,0x0140,0x0140,0x0145,0x0146,0x0148,0x0148,0x0149,0x014a,0x014a
289,NtQueryBootOptions,0x0129,0x012c,0x012f,0x0134,0x0136,0x0138,0x0139,0x013a,0x013a,0x0140,0x0140,0x0140,0x0141,0x0141,0x0146,0x0147,0x0149,0x0149,0x014a,0x014b,0x014b
290,NtQueryDebugFilterState,0x012a,0x012d,0x0130,0x0135,0x0137,0x0139,0x013a,0x013b,0x013b,0x0141,0x0141,0x0141,0x0142,0x0142,0x0147,0x0148,0x014a,0x014a,0x014b,0x014c,0x014c
291,NtQueryDefaultLocale,0x0015,0x0015,0x0015,0x0015,0x0015,0x0015,0x0015,0x0015,0x0015,0x0015,0x0015,0x0015,0x0015,0x0015,0x0015,0x0015,0x0015,0x0015,0x0015,0x0015,0x0015
292,NtQueryDefaultUILanguage,0x0044,0x0044,0x0044,0x0044,0x0044,0x0044,0x0044,0x0044,0x0044,0x0044,0x0044,0x0044,0x0044,0x0044,0x0044,0x0044,0x0044,0x0044,0x0044,0x0044,0x0044
293,NtQueryDirectoryFile,0x0035,0x0035,0x0035,0x0035,0x0035,0x0035,0x0035,0x0035,0x0035,0x0035,0x0035,0x0035,0x0035,0x0035,0x0035,0x0035,0x0035,0x0035,0x0035,0x0035,0x0035
294,NtQueryDirectoryFileEx,,,,,0x0138,0x013a,0x013b,0x013c,0x013c,0x0142,0x0142,0x0142,0x0143,0x0143,0x0148,0x0149,0x014b,0x014b,0x014c,0x014d,0x014d
295,NtQueryDirectoryObject,0x012b,0x012e,0x0131,0x0136,0x0139,0x013b,0x013c,0x013d,0x013d,0x0143,0x0143,0x0143,0x0144,0x0144,0x0149,0x014a,0x014c,0x014c,0x014d,0x014e,0x014e
296,NtQueryDriverEntryOrder,0x012c,0x012f,0x0132,0x0137,0x013a,0x013c,0x013d,0x013e,0x013e,0x0144,0x0144,0x0144,0x0145,0x0145,0x014a,0x014b,0x014d,0x014d,0x014e,0x014f,0x014f
297,NtQueryEaFile,0x012d,0x0130,0x0133,0x0138,0x013b,0x013d,0x013e,0x013f,0x013f,0x0145,0x0145,0x0145,0x0146,0x0146,0x014b,0x014c,0x014e,0x014e,0x014f,0x0150,0x0150
298,NtQueryEvent,0x0056,0x0056,0x0056,0x0056,0x0056,0x0056,0x0056,0x0056,0x0056,0x0056,0x0056,0x0056,0x0056,0x0056,0x0056,0x0056,0x0056,0x0056,0x0056,0x0056,0x0056
299,NtQueryFullAttributesFile,0x012e,0x0131,0x0134,0x0139,0x013c,0x013e,0x013f,0x0140,0x0140,0x0146,0x0146,0x0146,0x0147,0x0147,0x014c,0x014d,0x014f,0x014f,0x0150,0x0151,0x0151
300,NtQueryInformationAtom,0x012f,0x0132,0x0135,0x013a,0x013d,0x013f,0x0140,0x0141,0x0141,0x0147,0x0147,0x0147,0x0148,0x0148,0x014d,0x014e,0x0150,0x0150,0x0151,0x0152,0x0152
301,NtQueryInformationByName,,,,0x013b,0x013e,0x0140,0x0141,0x0142,0x0142,0x0148,0x0148,0x0148,0x0149,0x0149,0x014e,0x014f,0x0151,0x0151,0x0152,0x0153,0x0153
302,NtQueryInformationCpuPartition,,,,,,,,,,,,,,,,,0x0152,0x0152,0x0153,0x0154,0x0154
303,NtQueryInformationEnlistment,0x0130,0x0133,0x0136,0x013c,0x013f,0x0141,0x0142,0x0143,0x0143,0x0149,0x0149,0x0149,0x014a,0x014a,0x014f,0x0150,0x0153,0x0153,0x0154,0x0155,0x0155
304,NtQueryInformationFile,0x0011,0x0011,0x0011,0x0011,0x0011,0x0011,0x0011,0x0011,0x0011,0x0011,0x0011,0x0011,0x0011,0x0011,0x0011,0x0011,0x0011,0x0011,0x0011,0x0011,0x0011
305,NtQueryInformationJobObject,0x0131,0x0134,0x0137,0x013d,0x0140,0x0142,0x0143,0x0144,0x0144,0x014a,0x014a,0x014a,0x014b,0x014b,0x0150,0x0151,0x0154,0x0154,0x0155,0x0156,0x0156
306,NtQueryInformationPort,0x0132,0x0135,0x0138,0x013e,0x0141,0x0143,0x0144,0x0145,0x0145,0x014b,0x014b,0x014b,0x014c,0x014c,0x0151,0x0152,0x0155,0x0155,0x0156,0x0157,0x0157
307,NtQueryInformationProcess,0x0019,0x0019,0x0019,0x0019,0x0019,0x0019,0x0019,0x0019,0x0019,0x0019,0x0019,0x0019,0x0019,0x0019,0x0019,0x0019,0x0019,0x0019,0x0019,0x0019,0x0019
308,NtQueryInformationResourceManager,0x0133,0x0136,0x0139,0x013f,0x0142,0x0144,0x0145,0x0146,0x0146,0x014c,0x014c,0x014c,0x014d,0x014d,0x0152,0x0153,0x0156,0x0156,0x0157,0x0158,0x0158
309,NtQueryInformationThread,0x0025,0x0025,0x0025,0x0025,0x0025,0x0025,0x0025,0x0025,0x0025,0x0025,0x0025,0x0025,0x0025,0x0025,0x0025,0x0025,0x0025,0x0025,0x0025,0x0025,0x0025
310,NtQueryInformationToken,0x0021,0x0021,0x0021,0x0021,0x0021,0x0021,0x0021,0x0021,0x0021,0x0021,0x0021,0x0021,0x0021,0x0021,0x0021,0x0021,0x0021,0x0021,0x0021,0x0021,0x0021
311,NtQueryInformationTransaction,0x0134,0x0137,0x013a,0x0140,0x0143,0x0145,0x0146,0x0147,0x0147,0x014d,0x014d,0x014d,0x014e,0x014e,0x0153,0x0154,0x0157,0x0157,0x0158,0x0159,0x0159
312,NtQueryInformationTransactionManager,0x0135,0x0138,0x013b,0x0141,0x0144,0x0146,0x0147,0x0148,0x0148,0x014e,0x014e,0x014e,0x014f,0x014f,0x0154,0x0155,0x0158,0x0158,0x0159,0x015a,0x015a
313,NtQueryInformationWorkerFactory,0x0136,0x0139,0x013c,0x0142,0x0145,0x0147,0x0148,0x0149,0x0149,0x014f,0x014f,0x014f,0x0150,0x0150,0x0155,0x0156,0x0159,0x0159,0x015a,0x015b,0x015b
314,NtQueryInstallUILanguage,0x0137,0x013a,0x013d,0x0143,0x0146,0x0148,0x0149,0x014a,0x014a,0x0150,0x0150,0x0150,0x0151,0x0151,0x0156,0x0157,0x015a,0x015a,0x015b,0x015c,0x015c
315,NtQueryIntervalProfile,0x0138,0x013b,0x013e,0x0144,0x0147,0x0149,0x014a,0x014b,0x014b,0x0151,0x0151,0x0151,0x0152,0x0152,0x0157,0x0158,0x015b,0x015b,0x015c,0x015d,0x015d
316,NtQueryIoCompletion,0x0139,0x013c,0x013f,0x0145,0x0148,0x014a,0x014b,0x014c,0x014c,0x0152,0x0152,0x0152,0x0153,0x0153,0x0158,0x0159,0x015c,0x015c,0x015d,0x015e,0x015e
317,NtQueryIoRingCapabilities,,,,,,,,,,,,,,,,0x015a,0x015d,0x015d,0x015e,0x015f,0x015f
318,NtQueryKey,0x0016,0x0016,0x0016,0x0016,0x0016,0x0016,0x0016,0x0016,0x0016,0x0016,0x0016,0x0016,0x0016,0x0016,0x0016,0x0016,0x0016,0x0016,0x0016,0x0016,0x0016
319,NtQueryLicenseValue,0x013a,0x013d,0x0140,0x0146,0x0149,0x014b,0x014c,0x014d,0x014d,0x0153,0x0153,0x0153,0x0154,0x0154,0x0159,0x015b,0x015e,0x015e,0x015f,0x0160,0x0160
320,NtQueryMultipleValueKey,0x013b,0x013e,0x0141,0x0147,0x014a,0x014c,0x014d,0x014e,0x014e,0x0154,0x0154,0x0154,0x0155,0x0155,0x015a,0x015c,0x015f,0x015f,0x0160,0x0161,0x0161
321,NtQueryMutant,0x013c,0x013f,0x0142,0x0148,0x014b,0x014d,0x014e,0x014f,0x014f,0x0155,0x0155,0x0155,0x0156,0x0156,0x015b,0x015d,0x0160,0x0160,0x0161,0x0162,0x0162
322,NtQueryObject,0x0010,0x0010,0x0010,0x0010,0x0010,0x0010,0x0010,0x0010,0x0010,0x0010,0x0010,0x0010,0x0010,0x0010,0x0010,0x0010,0x0010,0x0010,0x0010,0x0010,0x0010
323,NtQueryOpenSubKeys,0x013d,0x0140,0x0143,0x0149,0x014c,0x014e,0x014f,0x0150,0x0150,0x0156,0x0156,0x0156,0x0157,0x0157,0x015c,0x015e,0x0161,0x0161,0x0162,0x0163,0x0163
324,NtQueryOpenSubKeysEx,0x013e,0x0141,0x0144,0x014a,0x014d,0x014f,0x0150,0x0151,0x0151,0x0157,0x0157,0x0157,0x0158,0x0158,0x015d,0x015f,0x0162,0x0162,0x0163,0x0164,0x0164
325,NtQueryPerformanceCounter,0x0031,0x0031,0x0031,0x0031,0x0031,0x0031,0x0031,0x0031,0x0031,0x0031,0x0031,0x0031,0x0031,0x0031,0x0031,0x0031,0x0031,0x0031,0x0031,0x0031,0x0031
326,NtQueryPortInformationProcess,0x013f,0x0142,0x0145,0x014b,0x014e,0x0150,0x0151,0x0152,0x0152,0x0158,0x0158,0x0158,0x0159,0x0159,0x015e,0x0160,0x0163,0x0163,0x0164,0x0165,0x0165
327,NtQueryQuotaInformationFile,0x0140,0x0143,0x0146,0x014c,0x014f,0x0151,0x0152,0x0153,0x0153,0x0159,0x0159,0x0159,0x015a,0x015a,0x015f,0x0161,0x0164,0x0164,0x0165,0x0166,0x0166
328,NtQuerySection,0x0051,0x0051,0x0051,0x0051,0x0051,0x0051,0x0051,0x0051,0x0051,0x0051,0x0051,0x0051,0x0051,0x0051,0x0051,0x0051,0x0051,0x0051,0x0051,0x0051,0x0051
329,NtQuerySecurityAttributesToken,0x0141,0x0144,0x0147,0x014d,0x0150,0x0152,0x0153,0x0154,0x0154,0x015a,0x015a,0x015a,0x015b,0x015b,0x0160,0x0162,0x0165,0x0165,0x0166,0x0167,0x0167
330,NtQuerySecurityObject,0x0142,0x0145,0x0148,0x014e,0x0151,0x0153,0x0154,0x0155,0x0155,0x015b,0x015b,0x015b,0x015c,0x015c,0x0161,0x0163,0x0166,0x0166,0x0167,0x0168,0x0168
331,NtQuerySecurityPolicy,,,0x0149,0x014f,0x0152,0x0154,0x0155,0x0156,0x0156,0x015c,0x015c,0x015c,0x015d,0x015d,0x0162,0x0164,0x0167,0x0167,0x0168,0x0169,0x0169
332,NtQuerySemaphore,0x0143,0x0146,0x014a,0x0150,0x0153,0x0155,0x0156,0x0157,0x0157,0x015d,0x015d,0x015d,0x015e,0x015e,0x0163,0x0165,0x0168,0x0168,0x0169,0x016a,0x016a
333,NtQuerySymbolicLinkObject,0x0144,0x0147,0x014b,0x0151,0x0154,0x0156,0x0157,0x0158,0x0158,0x015e,0x015e,0x015e,0x015f,0x015f,0x0164,0x0166,0x0169,0x0169,0x016a,0x016b,0x016b
334,NtQuerySystemEnvironmentValue,0x0145,0x0148,0x014c,0x0152,0x0155,0x0157,0x0158,0x0159,0x0159,0x015f,0x015f,0x015f,0x0160,0x0160,0x0165,0x0167,0x016a,0x016a,0x016b,0x016c,0x016c
335,NtQuerySystemEnvironmentValueEx,0x0146,0x0149,0x014d,0x0153,0x0156,0x0158,0x0159,0x015a,0x015a,0x0160,0x0160,0x0160,0x0161,0x0161,0x0166,0x0168,0x016b,0x016b,0x016c,0x016d,0x016d
336,NtQuerySystemInformation,0x0036,0x0036,0x0036,0x0036,0x0036,0x0036,0x0036,0x0036,0x0036,0x0036,0x0036,0x0036,0x0036,0x0036,0x0036,0x0036,0x0036,0x0036,0x0036,0x0036,0x0036
337,NtQuerySystemInformationEx,0x0147,0x014a,0x014e,0x0154,0x0157,0x0159,0x015a,0x015b,0x015b,0x0161,0x0161,0x0161,0x0162,0x0162,0x0167,0x0169,0x016c,0x016c,0x016d,0x016e,0x016e
338,NtQuerySystemTime,0x005a,0x005a,0x005a,0x005a,0x005a,0x005a,0x005a,0x005a,0x005a,0x005a,0x005a,0x005a,0x005a,0x005a,0x005a,0x005a,0x005a,0x005a,0x005a,0x005a,0x005a
339,NtQueryTimer,0x0038,0x0038,0x0038,0x0038,0x0038,0x0038,0x0038,0x0038,0x0038,0x0038,0x0038,0x0038,0x0038,0x0038,0x0038,0x0038,0x0038,0x0038,0x0038,0x0038,0x0038
340,NtQueryTimerResolution,0x0148,0x014b,0x014f,0x0155,0x0158,0x015a,0x015b,0x015c,0x015c,0x0162,0x0162,0x0162,0x0163,0x0163,0x0168,0x016a,0x016d,0x016d,0x016e,0x016f,0x016f
341,NtQueryValueKey,0x0017,0x0017,0x0017,0x0017,0x0017,0x0017,0x0017,0x0017,0x0017,0x0017,0x0017,0x0017,0x0017,0x0017,0x0017,0x0017,0x0017,0x0017,0x0017,0x0017,0x0017
342,NtQueryVirtualMemory,0x0023,0x0023,0x0023,0x0023,0x0023,0x0023,0x0023,0x0023,0x0023,0x0023,0x0023,0x0023,0x0023,0x0023,0x0023,0x0023,0x0023,0x0023,0x0023,0x0023,0x0023
343,NtQueryVolumeInformationFile,0x0049,0x0049,0x0049,0x0049,0x0049,0x0049,0x0049,0x0049,0x0049,0x0049,0x0049,0x0049,0x0049,0x0049,0x0049,0x0049,0x0049,0x0049,0x0049,0x0049,0x0049
344,NtQueryWnfStateData,0x0149,0x014c,0x0150,0x0156,0x0159,0x015b,0x015c,0x015d,0x015d,0x0163,0x0163,0x0163,0x0164,0x0164,0x0169,0x016b,0x016e,0x016e,0x016f,0x0170,0x0170
345,NtQueryWnfStateNameInformation,0x014a,0x014d,0x0151,0x0157,0x015a,0x015c,0x015d,0x015e,0x015e,0x0164,0x0164,0x0164,0x0165,0x0165,0x016a,0x016c,0x016f,0x016f,0x0170,0x0171,0x0171
346,NtQueueApcThread,0x0045,0x0045,0x0045,0x0045,0x0045,0x0045,0x0045,0x0045,0x0045,0x0045,0x0045,0x0045,0x0045,0x0045,0x0045,0x0045,0x0045,0x0045,0x0045,0x0045,0x0045
347,NtQueueApcThreadEx,0x014b,0x014e,0x0152,0x0158,0x015b,0x015d,0x015e,0x015f,0x015f,0x0165,0x0165,0x0165,0x0166,0x0166,0x016b,0x016d,0x0170,0x0170,0x0171,0x0172,0x0172
348,NtQueueApcThreadEx2,,,,,,,,,,,,,0x0167,0x0167,0x016c,0x016e,0x0171,0x0171,0x0172,0x0173,0x0173
349,NtRaiseException,0x014c,0x014f,0x0153,0x0159,0x015c,0x015e,0x015f,0x0160,0x0160,0x0166,0x0166,0x0166,0x0168,0x0168,0x016d,0x016f,0x0172,0x0172,0x0173,0x0174,0x0174
350,NtRaiseHardError,0x014d,0x0150,0x0154,0x015a,0x015d,0x015f,0x0160,0x0161,0x0161,0x0167,0x0167,0x0167,0x0169,0x0169,0x016e,0x0170,0x0173,0x0173,0x0174,0x0175,0x0175
351,NtReadFile,0x0006,0x0006,0x0006,0x0006,0x0006,0x0006,0x0006,0x0006,0x0006,0x0006,0x0006,0x0006,0x0006,0x0006,0x0006,0x0006,0x0006,0x0006,0x0006,0x0006,0x0006
352,NtReadFileScatter,0x002e,0x002e,0x002e,0x002e,0x002e,0x002e,0x002e,0x002e,0x002e,0x002e,0x002e,0x002e,0x002e,0x002e,0x002e,0x002e,0x002e,0x002e,0x002e,0x002e,0x002e
353,NtReadOnlyEnlistment,0x014e,0x0151,0x0155,0x015b,0x015e,0x0160,0x0161,0x0162,0x0162,0x0168,0x0168,0x0168,0x016a,0x016a,0x016f,0x0171,0x0174,0x0174,0x0175,0x0176,0x0176
354,NtReadRequestData,0x0054,0x0054,0x0054,0x0054,0x0054,0x0054,0x0054,0x0054,0x0054,0x0054,0x0054,0x0054,0x0054,0x0054,0x0054,0x0054,0x0054,0x0054,0x0054,0x0054,0x0054
355,NtReadVirtualMemory,0x003f,0x003f,0x003f,0x003f,0x003f,0x003f,0x003f,0x003f,0x003f,0x003f,0x003f,0x003f,0x003f,0x003f,0x003f,0x003f,0x003f,0x003f,0x003f,0x003f,0x003f
356,NtReadVirtualMemoryEx,,,,,,,,,,,,,,,0x0170,0x0172,0x0175,0x0175,0x0176,0x0177,0x0177
357,NtRecoverEnlistment,0x014f,0x0152,0x0156,0x015c,0x015f,0x0161,0x0162,0x0163,0x0163,0x0169,0x0169,0x0169,0x016b,0x016b,0x0171,0x0173,0x0176,0x0176,0x0177,0x0178,0x0178
358,NtRecoverResourceManager,0x0150,0x0153,0x0157,0x015d,0x0160,0x0162,0x0163,0x0164,0x0164,0x016a,0x016a,0x016a,0x016c,0x016c,0x0172,0x0174,0x0177,0x0177,0x0178,0x0179,0x0179
359,NtRecoverTransactionManager,0x0151,0x0154,0x0158,0x015e,0x0161,0x0163,0x0164,0x0165,0x0165,0x016b,0x016b,0x016b,0x016d,0x016d,0x0173,0x0175,0x0178,0x0178,0x0179,0x017a,0x017a
360,NtRegisterProtocolAddressInformation,0x0152,0x0155,0x0159,0x015f,0x0162,0x0164,0x0165,0x0166,0x0166,0x016c,0x016c,0x016c,0x016e,0x016e,0x0174,0x0176,0x0179,0x0179,0x017a,0x017b,0x017b
361,NtRegisterThreadTerminatePort,0x0153,0x0156,0x015a,0x0160,0x0163,0x0165,0x0166,0x0167,0x0167,0x016d,0x016d,0x016d,0x016f,0x016f,0x0175,0x0177,0x017a,0x017a,0x017b,0x017c,0x017c
362,NtReleaseCMFViewOwnership,,,,,,,,,,,,,,,,,,,,,
363,NtReleaseKeyedEvent,0x0154,0x0157,0x015b,0x0161,0x0164,0x0166,0x0167,0x0168,0x0168,0x016e,0x016e,0x016e,0x0170,0x0170,0x0176,0x0178,0x017b,0x017b,0x017c,0x017d,0x017d
364,NtReleaseMutant,0x0020,0x0020,0x0020,0x0020,0x0020,0x0020,0x0020,0x0020,0x0020,0x0020,0x0020,0x0020,0x0020,0x0020,0x0020,0x0020,0x0020,0x0020,0x0020,0x0020,0x0020
365,NtReleaseSemaphore,0x000a,0x000a,0x000a,0x000a,0x000a,0x000a,0x000a,0x000a,0x000a,0x000a,0x000a,0x000a,0x000a,0x000a,0x000a,0x000a,0x000a,0x000a,0x000a,0x000a,0x000a
366,NtReleaseWorkerFactoryWorker,0x0155,0x0158,0x015c,0x0162,0x0165,0x0167,0x0168,0x0169,0x0169,0x016f,0x016f,0x016f,0x0171,0x0171,0x0177,0x0179,0x017c,0x017c,0x017d,0x017e,0x017e
367,NtRemoveIoCompletion,0x0009,0x0009,0x0009,0x0009,0x0009,0x0009,0x0009,0x0009,0x0009,0x0009,0x0009,0x0009,0x0009,0x0009,0x0009,0x0009,0x0009,0x0009,0x0009,0x0009,0x0009
368,NtRemoveIoCompletionEx,0x0156,0x0159,0x015d,0x0163,0x0166,0x0168,0x0169,0x016a,0x016a,0x0170,0x0170,0x0170,0x0172,0x0172,0x0178,0x017a,0x017d,0x017d,0x017e,0x017f,0x017f
369,NtRemoveProcessDebug,0x0157,0x015a,0x015e,0x0164,0x0167,0x0169,0x016a,0x016b,0x016b,0x0171,0x0171,0x0171,0x0173,0x0173,0x0179,0x017b,0x017e,0x017e,0x017f,0x0180,0x0180
370,NtRenameKey,0x0158,0x015b,0x015f,0x0165,0x0168,0x016a,0x016b,0x016c,0x016c,0x0172,0x0172,0x0172,0x0174,0x0174,0x017a,0x017c,0x017f,0x017f,0x0180,0x0181,0x0181
371,NtRenameTransactionManager,0x0159,0x015c,0x0160,0x0166,0x0169,0x016b,0x016c,0x016d,0x016d,0x0173,0x0173,0x0173,0x0175,0x0175,0x017b,0x017d,0x0180,0x0180,0x0181,0x0182,0x0182
372,NtReplaceKey,0x015a,0x015d,0x0161,0x0167,0x016a,0x016c,0x016d,0x016e,0x016e,0x0174,0x0174,0x0174,0x0176,0x0176,0x017c,0x017e,0x0181,0x0181,0x0182,0x0183,0x0183
373,NtReplacePartitionUnit,0x015b,0x015e,0x0162,0x0168,0x016b,0x016d,0x016e,0x016f,0x016f,0x0175,0x0175,0x0175,0x0177,0x0177,0x017d,0x017f,0x0182,0x0182,0x0183,0x0184,0x0184
374,NtReplyPort,0x000c,0x000c,0x000c,0x000c,0x000c,0x000c,0x000c,0x000c,0x000c,0x000c,0x000c,0x000c,0x000c,0x000c,0x000c,0x000c,0x000c,0x000c,0x000c,0x000c,0x000c
375,NtReplyWaitReceivePort,0x000b,0x000b,0x000b,0x000b,0x000b,0x000b,0x000b,0x000b,0x000b,0x000b,0x000b,0x000b,0x000b,0x000b,0x000b,0x000b,0x000b,0x000b,0x000b,0x000b,0x000b
376,NtReplyWaitReceivePortEx,0x002b,0x002b,0x002b,0x002b,0x002b,0x002b,0x002b,0x002b,0x002b,0x002b,0x002b,0x002b,0x002b,0x002b,0x002b,0x002b,0x002b,0x002b,0x002b,0x002b,0x002b
377,NtReplyWaitReplyPort,0x015c,0x015f,0x0163,0x0169,0x016c,0x016e,0x016f,0x0170,0x0170,0x0176,0x0176,0x0176,0x0178,0x0178,0x017e,0x0180,0x0183,0x0183,0x0184,0x0185,0x0185
378,NtRequestDeviceWakeup,,,,,,,,,,,,,,,,,,,,,
379,NtRequestPort,0x015d,0x0160,0x0164,0x016a,0x016d,0x016f,0x0170,0x0171,0x0171,0x0177,0x0177,0x0177,0x0179,0x0179,0x017f,0x0181,0x0184,0x0184,0x0185,0x0186,0x0186
380,NtRequestWaitReplyPort,0x0022,0x0022,0x0022,0x0022,0x0022,0x0022,0x0022,0x0022,0x0022,0x0022,0x0022,0x0022,0x0022,0x0022,0x0022,0x0022,0x0022,0x0022,0x0022,0x0022,0x0022
381,NtRequestWakeupLatency,,,,,,,,,,,,,,,,,,,,,
382,NtResetEvent,0x015e,0x0161,0x0165,0x016b,0x016e,0x0170,0x0171,0x0172,0x0172,0x0178,0x0178,0x0178,0x017a,0x017a,0x0180,0x0182,0x0185,0x0185,0x0186,0x0187,0x0187
383,NtResetWriteWatch,0x015f,0x0162,0x0166,0x016c,0x016f,0x0171,0x0172,0x0173,0x0173,0x0179,0x0179,0x0179,0x017b,0x017b,0x0181,0x0183,0x0186,0x0186,0x0187,0x0188,0x0188
384,NtRestoreKey,0x0160,0x0163,0x0167,0x016d,0x0170,0x0172,0x0173,0x0174,0x0174,0x017a,0x017a,0x017a,0x017c,0x017c,0x0182,0x0184,0x0187,0x0187,0x0188,0x0189,0x0189
385,NtResumeProcess,0x0161,0x0164,0x0168,0x016e,0x0171,0x0173,0x0174,0x0175,0x0175,0x017b,0x017b,0x017b,0x017d,0x017d,0x0183,0x0185,0x0188,0x0188,0x0189,0x018a,0x018a
386,NtResumeThread,0x0052,0x0052,0x0052,0x0052,0x0052,0x0052,0x0052,0x0052,0x0052,0x0052,0x0052,0x0052,0x0052,0x0052,0x0052,0x0052,0x0052,0x0052,0x0052,0x0052,0x0052
387,NtRevertContainerImpersonation,0x0162,0x0165,0x0169,0x016f,0x0172,0x0174,0x0175,0x0176,0x0176,0x017c,0x017c,0x017c,0x017e,0x017e,0x0184,0x0186,0x0189,0x0189,0x018a,0x018b,0x018b
388,NtRollbackComplete,0x0163,0x0166,0x016a,0x0170,0x0173,0x0175,0x0176,0x0177,0x0177,0x017d,0x017d,0x017d,0x017f,0x017f,0x0185,0x0187,0x018a,0x018a,0x018b,0x018c,0x018c
389,NtRollbackEnlistment,0x0164,0x0167,0x016b,0x0171,0x0174,0x0176,0x0177,0x0178,0x0178,0x017e,0x017e,0x017e,0x0180,0x0180,0x0186,0x0188,0x018b,0x018b,0x018c,0x018d,0x018d
390,NtRollbackRegistryTransaction,,,0x016c,0x0172,0x0175,0x0177,0x0178,0x0179,0x0179,0x017f,0x017f,0x017f,0x0181,0x0181,0x0187,0x0189,0x018c,0x018c,0x018d,0x018e,0x018e
391,NtRollbackSavepointTransaction,,,,,,,,,,,,,,,,,,,,,
392,NtRollbackTransaction,0x0165,0x0168,0x016d,0x0173,0x0176,0x0178,0x0179,0x017a,0x017a,0x0180,0x0180,0x0180,0x0182,0x0182,0x0188,0x018a,0x018d,0x018d,0x018e,0x018f,0x018f
393,NtRollforwardTransactionManager,0x0166,0x0169,0x016e,0x0174,0x0177,0x0179,0x017a,0x017b,0x017b,0x0181,0x0181,0x0181,0x0183,0x0183,0x0189,0x018b,0x018e,0x018e,0x018f,0x0190,0x0190
394,NtSaveKey,0x0167,0x016a,0x016f,0x0175,0x0178,0x017a,0x017b,0x017c,0x017c,0x0182,0x0182,0x0182,0x0184,0x0184,0x018a,0x018c,0x018f,0x018f,0x0190,0x0191,0x0191
395,NtSaveKeyEx,0x0168,0x016b,0x0170,0x0176,0x0179,0x017b,0x017c,0x017d,0x017d,0x0183,0x0183,0x0183,0x0185,0x0185,0x018b,0x018d,0x0190,0x0190,0x0191,0x0192,0x0192
396,NtSaveMergedKeys,0x0169,0x016c,0x0171,0x0177,0x017a,0x017c,0x017d,0x017e,0x017e,0x0184,0x0184,0x0184,0x0186,0x0186,0x018c,0x018e,0x0191,0x0191,0x0192,0x0193,0x0193
397,NtSavepointComplete,,,,,,,,,,,,,,,,,,,,,
398,NtSavepointTransaction,,,,,,,,,,,,,,,,,,,,,
399,NtSecureConnectPort,0x016a,0x016d,0x0172,0x0178,0x017b,0x017d,0x017e,0x017f,0x017f,0x0185,0x0185,0x0185,0x0187,0x0187,0x018d,0x018f,0x0192,0x0192,0x0193,0x0194,0x0194
400,NtSerializeBoot,0x016b,0x016e,0x0173,0x0179,0x017c,0x017e,0x017f,0x0180,0x0180,0x0186,0x0186,0x0186,0x0188,0x0188,0x018e,0x0190,0x0193,0x0193,0x0194,0x0195,0x0195
401,NtSetBootEntryOrder,0x016c,0x016f,0x0174,0x017a,0x017d,0x017f,0x0180,0x0181,0x0181,0x0187,0x0187,0x0187,0x0189,0x0189,0x018f,0x0191,0x0194,0x0194,0x0195,0x0196,0x0196
402,NtSetBootOptions,0x016d,0x0170,0x0175,0x017b,0x017e,0x0180,0x0181,0x0182,0x0182,0x0188,0x0188,0x0188,0x018a,0x018a,0x0190,0x0192,0x0195,0x0195,0x0196,0x0197,0x0197
403,NtSetCachedSigningLevel,0x016e,0x0171,0x0176,0x017c,0x017f,0x0181,0x0182,0x0183,0x0183,0x0189,0x0189,0x0189,0x018b,0x018b,0x0191,0x0193,0x0196,0x0196,0x0197,0x0198,0x0198
404,NtSetCachedSigningLevel2,,,0x0177,0x017d,0x0180,0x0182,0x0183,0x0184,0x0184,0x018a,0x018a,0x018a,0x018c,0x018c,0x0192,0x0194,0x0197,0x0197,0x0198,0x0199,0x0199
405,NtSetContextThread,0x016f,0x0172,0x0178,0x017e,0x0181,0x0183,0x0184,0x0185,0x0185,0x018b,0x018b,0x018b,0x018d,0x018d,0x0193,0x0195,0x0198,0x0198,0x0199,0x019a,0x019a
406,NtSetDebugFilterState,0x0170,0x0173,0x0179,0x017f,0x0182,0x0184,0x0185,0x0186,0x0186,0x018c,0x018c,0x018c,0x018e,0x018e,0x0194,0x0196,0x0199,0x0199,0x019a,0x019b,0x019b
407,NtSetDefaultHardErrorPort,0x0171,0x0174,0x017a,0x0180,0x0183,0x0185,0x0186,0x0187,0x0187,0x018d,0x018d,0x018d,0x018f,0x018f,0x0195,0x0197,0x019a,0x019a,0x019b,0x019c,0x019c
408,NtSetDefaultLocale,0x0172,0x0175,0x017b,0x0181,0x0184,0x0186,0x0187,0x0188,0x0188,0x018e,0x018e,0x018e,0x0190,0x0190,0x0196,0x0198,0x019b,0x019b,0x019c,0x019d,0x019d
409,NtSetDefaultUILanguage,0x0173,0x0176,0x017c,0x0182,0x0185,0x0187,0x0188,0x0189,0x0189,0x018f,0x018f,0x018f,0x0191,0x0191,0x0197,0x0199,0x019c,0x019c,0x019d,0x019e,0x019e
410,NtSetDriverEntryOrder,0x0174,0x0177,0x017d,0x0183,0x0186,0x0188,0x0189,0x018a,0x018a,0x0190,0x0190,0x0190,0x0192,0x0192,0x0198,0x019a,0x019d,0x019d,0x019e,0x019f,0x019f
411,NtSetEaFile,0x0175,0x0178,0x017e,0x0184,0x0187,0x0189,0x018a,0x018b,0x018b,0x0191,0x0191,0x0191,0x0193,0x0193,0x0199,0x019b,0x019e,0x019e,0x019f,0x01a0,0x01a0
412,NtSetEvent,0x000e,0x000e,0x000e,0x000e,0x000e,0x000e,0x000e,0x000e,0x000e,0x000e,0x000e,0x000e,0x000e,0x000e,0x000e,0x000e,0x000e,0x000e,0x000e,0x000e,0x000e
413,NtSetEventBoostPriority,0x002d,0x002d,0x002d,0x002d,0x002d,0x002d,0x002d,0x002d,0x002d,0x002d,0x002d,0x002d,0x002d,0x002d,0x002d,0x002d,0x002d,0x002d,0x002d,0x002d,0x002d
414,NtSetEventEx,,,,,,,,,,,,,,,,,,,0x01a0,0x01a1,0x01a1
415,NtSetHighEventPair,0x0176,0x0179,0x017f,0x0185,0x0188,0x018a,0x018b,0x018c,0x018c,0x0192,0x0192,0x0192,0x0194,0x0194,0x019a,0x019c,0x019f,0x019f,0x01a1,0x01a2,0x01a2
416,NtSetHighWaitLowEventPair,0x0177,0x017a,0x0180,0x0186,0x0189,0x018b,0x018c,0x018d,0x018d,0x0193,0x0193,0x0193,0x0195,0x0195,0x019b,0x019d,0x01a0,0x01a0,0x01a2,0x01a3,0x01a3
417,NtSetIRTimer,0x0178,0x017b,0x0181,0x0187,0x018a,0x018c,0x018d,0x018e,0x018e,0x0194,0x0194,0x0194,0x0196,0x0196,0x019c,0x019e,0x01a1,0x01a1,0x01a3,0x01a4,0x01a4
418,NtSetInformationCpuPartition,,,,,,,,,,,,,,,,,0x01a2,0x01a2,0x01a4,0x01a5,0x01a5
419,NtSetInformationDebugObject,0x0179,0x017c,0x0182,0x0188,0x018b,0x018d,0x018e,0x018f,0x018f,0x0195,0x0195,0x0195,0x0197,0x0197,0x019d,0x019f,0x01a3,0x01a3,0x01a5,0x01a6,0x01a6
420,NtSetInformationEnlistment,0x017a,0x017d,0x0183,0x0189,0x018c,0x018e,0x018f,0x0190,0x0190,0x0196,0x0196,0x0196,0x0198,0x0198,0x019e,0x01a0,0x01a4,0x01a4,0x01a6,0x01a7,0x01a7
421,NtSetInformationFile,0x0027,0x0027,0x0027,0x0027,0x0027,0x0027,0x0027,0x0027,0x0027,0x0027,0x0027,0x0027,0x0027,0x0027,0x0027,0x0027,0x0027,0x0027,0x0027,0x0027,0x0027
422,NtSetInformationIoRing,,,,,,,,,,,,,,,,0x01a1,0x01a5,0x01a5,0x01a7,0x01a8,0x01a8
423,NtSetInformationJobObject,0x017b,0x017e,0x0184,0x018a,0x018d,0x018f,0x0190,0x0191,0x0191,0x0197,0x0197,0x0197,0x0199,0x0199,0x019f,0x01a2,0x01a6,0x01a6,0x01a8,0x01a9,0x01a9
424,NtSetInformationKey,0x017c,0x017f,0x0185,0x018b,0x018e,0x0190,0x0191,0x0192,0x0192,0x0198,0x0198,0x0198,0x019a,0x019a,0x01a0,0x01a3,0x01a7,0x01a7,0x01a9,0x01aa,0x01aa
425,NtSetInformationObject,0x005c,0x005c,0x005c,0x005c,0x005c,0x005c,0x005c,0x005c,0x005c,0x005c,0x005c,0x005c,0x005c,0x005c,0x005c,0x005c,0x005c,0x005c,0x005c,0x005c,0x005c
426,NtSetInformationProcess,0x001c,0x001c,0x001c,0x001c,0x001c,0x001c,0x001c,0x001c,0x001c,0x001c,0x001c,0x001c,0x001c,0x001c,0x001c,0x001c,0x001c,0x001c,0x001c,0x001c,0x001c
427,NtSetInformationResourceManager,0x017d,0x0180,0x0186,0x018c,0x018f,0x0191,0x0192,0x0193,0x0193,0x0199,0x0199,0x0199,0x019b,0x019b,0x01a1,0x01a4,0x01a8,0x01a8,0x01aa,0x01ab,0x01ab
428,NtSetInformationSymbolicLink,0x017e,0x0181,0x0187,0x018d,0x0190,0x0192,0x0193,0x0194,0x0194,0x019a,0x019a,0x019a,0x019c,0x019c,0x01a2,0x01a5,0x01a9,0x01a9,0x01ab,0x01ac,0x01ac
429,NtSetInformationThread,0x000d,0x000d,0x000d,0x000d,0x000d,0x000d,0x000d,0x000d,0x000d,0x000d,0x000d,0x000d,0x000d,0x000d,0x000d,0x000d,0x000d,0x000d,0x000d,0x000d,0x000d
430,NtSetInformationToken,0x017f,0x0182,0x0188,0x018e,0x0191,0x0193,0x0194,0x0195,0x0195,0x019b,0x019b,0x019b,0x019d,0x019d,0x01a3,0x01a6,0x01aa,0x01aa,0x01ac,0x01ad,0x01ad
431,NtSetInformationTransaction,0x0180,0x0183,0x0189,0x018f,0x0192,0x0194,0x0195,0x0196,0x0196,0x019c,0x019c,0x019c,0x019e,0x019e,0x01a4,0x01a7,0x01ab,0x01ab,0x01ad,0x01ae,0x01ae
432,NtSetInformationTransactionManager,0x0181,0x0184,0x018a,0x0190,0x0193,0x0195,0x0196,0x0197,0x0197,0x019d,0x019d,0x019d,0x019f,0x019f,0x01a5,0x01a8,0x01ac,0x01ac,0x01ae,0x01af,0x01af
433,NtSetInformationVirtualMemory,0x0182,0x0185,0x018b,0x0191,0x0194,0x0196,0x0197,0x0198,0x0198,0x019e,0x019e,0x019e,0x01a0,0x01a0,0x01a6,0x01a9,0x01ad,0x01ad,0x01af,0x01b0,0x01b0
434,NtSetInformationWorkerFactory,0x0183,0x0186,0x018c,0x0192,0x0195,0x0197,0x0198,0x0199,0x0199,0x019f,0x019f,0x019f,0x01a1,0x01a1,0x01a7,0x01aa,0x01ae,0x01ae,0x01b0,0x01b1,0x01b1
435,NtSetIntervalProfile,0x0184,0x0187,0x018d,0x0193,0x0196,0x0198,0x0199,0x019a,0x019a,0x01a0,0x01a0,0x01a0,0x01a2,0x01a2,0x01a8,0x01ab,0x01af,0x01af,0x01b1,0x01b2,0x01b2
436,NtSetIoCompletion,0x0185,0x0188,0x018e,0x0194,0x0197,0x0199,0x019a,0x019b,0x019b,0x01a1,0x01a1,0x01a1,0x01a3,0x01a3,0x01a9,0x01ac,0x01b0,0x01b0,0x01b2,0x01b3,0x01b3
437,NtSetIoCompletionEx,0x0186,0x0189,0x018f,0x0195,0x0198,0x019a,0x019b,0x019c,0x019c,0x01a2,0x01a2,0x01a2,0x01a4,0x01a4,0x01aa,0x01ad,0x01b1,0x01b1,0x01b3,0x01b4,0x01b4
438,NtSetLdtEntries,0x0187,0x018a,0x0190,0x0196,0x0199,0x019b,0x019c,0x019d,0x019d,0x01a3,0x01a3,0x01a3,0x01a5,0x01a5,0x01ab,0x01ae,0x01b2,0x01b2,0x01b4,0x01b5,0x01b5
439,NtSetLowEventPair,0x0188,0x018b,0x0191,0x0197,0x019a,0x019c,0x019d,0x019e,0x019e,0x01a4,0x01a4,0x01a4,0x01a6,0x01a6,0x01ac,0x01af,0x01b3,0x01b3,0x01b5,0x01b6,0x01b6
440,NtSetLowWaitHighEventPair,0x0189,0x018c,0x0192,0x0198,0x019b,0x019d,0x019e,0x019f,0x019f,0x01a5,0x01a5,0x01a5,0x01a7,0x01a7,0x01ad,0x01b0,0x01b4,0x01b4,0x01b6,0x01b7,0x01b7
441,NtSetQuotaInformationFile,0x018a,0x018d,0x0193,0x0199,0x019c,0x019e,0x019f,0x01a0,0x01a0,0x01a6,0x01a6,0x01a6,0x01a8,0x01a8,0x01ae,0x01b1,0x01b5,0x01b5,0x01b7,0x01b8,0x01b8
442,NtSetSecurityObject,0x018b,0x018e,0x0194,0x019a,0x019d,0x019f,0x01a0,0x01a1,0x01a1,0x01a7,0x01a7,0x01a7,0x01a9,0x01a9,0x01af,0x01b2,0x01b6,0x01b6,0x01b8,0x01b9,0x01b9
443,NtSetSystemEnvironmentValue,0x018c,0x018f,0x0195,0x019b,0x019e,0x01a0,0x01a1,0x01a2,0x01a2,0x01a8,0x01a8,0x01a8,0x01aa,0x01aa,0x01b0,0x01b3,0x01b7,0x01b7,0x01b9,0x01ba,0x01ba
444,NtSetSystemEnvironmentValueEx,0x018d,0x0190,0x0196,0x019c,0x019f,0x01a1,0x01a2,0x01a3,0x01a3,0x01a9,0x01a9,0x01a9,0x01ab,0x01ab,0x01b1,0x01b4,0x01b8,0x01b8,0x01ba,0x01bb,0x01bb
445,NtSetSystemInformation,0x018e,0x0191,0x0197,0x019d,0x01a0,0x01a2,0x01a3,0x01a4,0x01a4,0x01aa,0x01aa,0x01aa,0x01ac,0x01ac,0x01b2,0x01b5,0x01b9,0x01b9,0x01bb,0x01bc,0x01bc
446,NtSetSystemPowerState,0x018f,0x0192,0x0198,0x019e,0x01a1,0x01a3,0x01a4,0x01a5,0x01a5,0x01ab,0x01ab,0x01ab,0x01ad,0x01ad,0x01b3,0x01b6,0x01ba,0x01ba,0x01bc,0x01bd,0x01bd
447,NtSetSystemTime,0x0190,0x0193,0x0199,0x019f,0x01a2,0x01a4,0x01a5,0x01a6,0x01a6,0x01ac,0x01ac,0x01ac,0x01ae,0x01ae,0x01b4,0x01b7,0x01bb,0x01bb,0x01bd,0x01be,0x01be
448,NtSetThreadExecutionState,0x0191,0x0194,0x019a,0x01a0,0x01a3,0x01a5,0x01a6,0x01a7,0x01a7,0x01ad,0x01ad,0x01ad,0x01af,0x01af,0x01b5,0x01b8,0x01bc,0x01bc,0x01be,0x01bf,0x01bf
449,NtSetTimer,0x0062,0x0062,0x0062,0x0062,0x0062,0x0062,0x0062,0x0062,0x0062,0x0062,0x0062,0x0062,0x0062,0x0062,0x0062,0x0062,0x0062,0x0062,0x0062,0x0062,0x0062
450,NtSetTimer2,0x0192,0x0195,0x019b,0x01a1,0x01a4,0x01a6,0x01a7,0x01a8,0x01a8,0x01ae,0x01ae,0x01ae,0x01b0,0x01b0,0x01b6,0x01b9,0x01bd,0x01bd,0x01bf,0x01c0,0x01c0
451,NtSetTimerEx,0x0193,0x0196,0x019c,0x01a2,0x01a5,0x01a7,0x01a8,0x01a9,0x01a9,0x01af,0x01af,0x01af,0x01b1,0x01b1,0x01b7,0x01ba,0x01be,0x01be,0x01c0,0x01c1,0x01c1
452,NtSetTimerResolution,0x0194,0x0197,0x019d,0x01a3,0x01a6,0x01a8,0x01a9,0x01aa,0x01aa,0x01b0,0x01b0,0x01b0,0x01b2,0x01b2,0x01b8,0x01bb,0x01bf,0x01bf,0x01c1,0x01c2,0x01c2
453,NtSetUuidSeed,0x0195,0x0198,0x019e,0x01a4,0x01a7,0x01a9,0x01aa,0x01ab,0x01ab,0x01b1,0x01b1,0x01b1,0x01b3,0x01b3,0x01b9,0x01bc,0x01c0,0x01c0,0x01c2,0x01c3,0x01c3
454,NtSetValueKey,0x0060,0x0060,0x0060,0x0060,0x0060,0x0060,0x0060,0x0060,0x0060,0x0060,0x0060,0x0060,0x0060,0x0060,0x0060,0x0060,0x0060,0x0060,0x0060,0x0060,0x0060
455,NtSetVolumeInformationFile,0x0196,0x0199,0x019f,0x01a5,0x01a8,0x01aa,0x01ab,0x01ac,0x01ac,0x01b2,0x01b2,0x01b2,0x01b4,0x01b4,0x01ba,0x01bd,0x01c1,0x01c1,0x01c3,0x01c4,0x01c4
456,NtSetWnfProcessNotificationEvent,0x0197,0x019a,0x01a0,0x01a6,0x01a9,0x01ab,0x01ac,0x01ad,0x01ad,0x01b3,0x01b3,0x01b3,0x01b5,0x01b5,0x01bb,0x01be,0x01c2,0x01c2,0x01c4,0x01c5,0x01c5
457,NtShutdownSystem,0x0198,0x019b,0x01a1,0x01a7,0x01aa,0x01ac,0x01ad,0x01ae,0x01ae,0x01b4,0x01b4,0x01b4,0x01b6,0x01b6,0x01bc,0x01bf,0x01c3,0x01c3,0x01c5,0x01c6,0x01c6
458,NtShutdownWorkerFactory,0x0199,0x019c,0x01a2,0x01a8,0x01ab,0x01ad,0x01ae,0x01af,0x01af,0x01b5,0x01b5,0x01b5,0x01b7,0x01b7,0x01bd,0x01c0,0x01c4,0x01c4,0x01c6,0x01c7,0x01c7
459,NtSignalAndWaitForSingleObject,0x019a,0x019d,0x01a3,0x01a9,0x01ac,0x01ae,0x01af,0x01b0,0x01b0,0x01b6,0x01b6,0x01b6,0x01b8,0x01b8,0x01be,0x01c1,0x01c5,0x01c5,0x01c7,0x01c8,0x01c8
460,NtSinglePhaseReject,0x019b,0x019e,0x01a4,0x01aa,0x01ad,0x01af,0x01b0,0x01b1,0x01b1,0x01b7,0x01b7,0x01b7,0x01b9,0x01b9,0x01bf,0x01c2,0x01c6,0x01c6,0x01c8,0x01c9,0x01c9
461,NtStartProfile,0x019c,0x019f,0x01a5,0x01ab,0x01ae,0x01b0,0x01b1,0x01b2,0x01b2,0x01b8,0x01b8,0x01b8,0x01ba,0x01ba,0x01c0,0x01c3,0x01c7,0x01c7,0x01c9,0x01ca,0x01ca
462,NtStartTm,,,,,,,,,,,,,,,,,,,,,
463,NtStopProfile,0x019d,0x01a0,0x01a6,0x01ac,0x01af,0x01b1,0x01b2,0x01b3,0x01b3,0x01b9,0x01b9,0x01b9,0x01bb,0x01bb,0x01c1,0x01c4,0x01c8,0x01c8,0x01ca,0x01cb,0x01cb
464,NtSubmitIoRing,,,,,,,,,,,,,,,,0x01c5,0x01c9,0x01c9,0x01cb,0x01cc,0x01cc
465,NtSubscribeWnfStateChange,0x019e,0x01a1,0x01a7,0x01ad,0x01b0,0x01b2,0x01b3,0x01b4,0x01b4,0x01ba,0x01ba,0x01ba,0x01bc,0x01bc,0x01c2,0x01c6,0x01ca,0x01ca,0x01cc,0x01cd,0x01cd
466,NtSuspendProcess,0x019f,0x01a2,0x01a8,0x01ae,0x01b1,0x01b3,0x01b4,0x01b5,0x01b5,0x01bb,0x01bb,0x01bb,0x01bd,0x01bd,0x01c3,0x01c7,0x01cb,0x01cb,0x01cd,0x01ce,0x01ce
467,NtSuspendThread,0x01a0,0x01a3,0x01a9,0x01af,0x01b2,0x01b4,0x01b5,0x01b6,0x01b6,0x01bc,0x01bc,0x01bc,0x01be,0x01be,0x01c4,0x01c8,0x01cc,0x01cc,0x01ce,0x01cf,0x01cf
468,NtSystemDebugControl,0x01a1,0x01a4,0x01aa,0x01b0,0x01b3,0x01b5,0x01b6,0x01b7,0x01b7,0x01bd,0x01bd,0x01bd,0x01bf,0x01bf,0x01c5,0x01c9,0x01cd,0x01cd,0x01cf,0x01d0,0x01d0
469,NtTerminateEnclave,,,,,0x01b4,0x01b6,0x01b7,0x01b8,0x01b8,0x01be,0x01be,0x01be,0x01c0,0x01c0,0x01c6,0x01ca,0x01ce,0x01ce,0x01d0,0x01d1,0x01d1
470,NtTerminateJobObject,0x01a2,0x01a5,0x01ab,0x01b1,0x01b5,0x01b7,0x01b8,0x01b9,0x01b9,0x01bf,0x01bf,0x01bf,0x01c1,0x01c1,0x01c7,0x01cb,0x01cf,0x01cf,0x01d1,0x01d2,0x01d2
471,NtTerminateProcess,0x002c,0x002c,0x002c,0x002c,0x002c,0x002c,0x002c,0x002c,0x002c,0x002c,0x002c,0x002c,0x002c,0x002c,0x002c,0x002c,0x002c,0x002c,0x002c,0x002c,0x002c
472,NtTerminateThread,0x0053,0x0053,0x0053,0x0053,0x0053,0x0053,0x0053,0x0053,0x0053,0x0053,0x0053,0x0053,0x0053,0x0053,0x0053,0x0053,0x0053,0x0053,0x0053,0x0053,0x0053
473,NtTestAlert,0x01a3,0x01a6,0x01ac,0x01b2,0x01b6,0x01b8,0x01b9,0x01ba,0x01ba,0x01c0,0x01c0,0x01c0,0x01c2,0x01c2,0x01c8,0x01cc,0x01d0,0x01d0,0x01d2,0x01d3,0x01d3
474,NtThawRegistry,0x01a4,0x01a7,0x01ad,0x01b3,0x01b7,0x01b9,0x01ba,0x01bb,0x01bb,0x01c1,0x01c1,0x01c1,0x01c3,0x01c3,0x01c9,0x01cd,0x01d1,0x01d1,0x01d3,0x01d4,0x01d4
475,NtThawTransactions,0x01a5,0x01a8,0x01ae,0x01b4,0x01b8,0x01ba,0x01bb,0x01bc,0x01bc,0x01c2,0x01c2,0x01c2,0x01c4,0x01c4,0x01ca,0x01ce,0x01d2,0x01d2,0x01d4,0x01d5,0x01d5
476,NtTraceControl,0x01a6,0x01a9,0x01af,0x01b5,0x01b9,0x01bb,0x01bc,0x01bd,0x01bd,0x01c3,0x01c3,0x01c3,0x01c5,0x01c5,0x01cb,0x01cf,0x01d3,0x01d3,0x01d5,0x01d6,0x01d6
477,NtTraceEvent,0x005e,0x005e,0x005e,0x005e,0x005e,0x005e,0x005e,0x005e,0x005e,0x005e,0x005e,0x005e,0x005e,0x005e,0x005e,0x005e,0x005e,0x005e,0x005e,0x005e,0x005e
478,NtTranslateFilePath,0x01a7,0x01aa,0x01b0,0x01b6,0x01ba,0x01bc,0x01bd,0x01be,0x01be,0x01c4,0x01c4,0x01c4,0x01c6,0x01c6,0x01cc,0x01d0,0x01d4,0x01d4,0x01d6,0x01d7,0x01d7
479,NtUmsThreadYield,0x01a8,0x01ab,0x01b1,0x01b7,0x01bb,0x01bd,0x01be,0x01bf,0x01bf,0x01c5,0x01c5,0x01c5,0x01c7,0x01c7,0x01cd,0x01d1,0x01d5,0x01d5,0x01d7,0x01d8,0x01d8
480,NtUnloadDriver,0x01a9,0x01ac,0x01b2,0x01b8,0x01bc,0x01be,0x01bf,0x01c0,0x01c0,0x01c6,0x01c6,0x01c6,0x01c8,0x01c8,0x01ce,0x01d2,0x01d6,0x01d6,0x01d8,0x01d9,0x01d9
481,NtUnloadKey,0x01aa,0x01ad,0x01b3,0x01b9,0x01bd,0x01bf,0x01c0,0x01c1,0x01c1,0x01c7,0x01c7,0x01c7,0x01c9,0x01c9,0x01cf,0x01d3,0x01d7,0x01d7,0x01d9,0x01da,0x01da
482,NtUnloadKey2,0x01ab,0x01ae,0x01b4,0x01ba,0x01be,0x01c0,0x01c1,0x01c2,0x01c2,0x01c8,0x01c8,0x01c8,0x01ca,0x01ca,0x01d0,0x01d4,0x01d8,0x01d8,0x01da,0x01db,0x01db
483,NtUnloadKeyEx,0x01ac,0x01af,0x01b5,0x01bb,0x01bf,0x01c1,0x01c2,0x01c3,0x01c3,0x01c9,0x01c9,0x01c9,0x01cb,0x01cb,0x01d1,0x01d5,0x01d9,0x01d9,0x01db,0x01dc,0x01dc
484,NtUnlockFile,0x01ad,0x01b0,0x01b6,0x01bc,0x01c0,0x01c2,0x01c3,0x01c4,0x01c4,0x01ca,0x01ca,0x01ca,0x01cc,0x01cc,0x01d2,0x01d6,0x01da,0x01da,0x01dc,0x01dd,0x01dd
485,NtUnlockVirtualMemory,0x01ae,0x01b1,0x01b7,0x01bd,0x01c1,0x01c3,0x01c4,0x01c5,0x01c5,0x01cb,0x01cb,0x01cb,0x01cd,0x01cd,0x01d3,0x01d7,0x01db,0x01db,0x01dd,0x01de,0x01de
486,NtUnmapViewOfSection,0x002a,0x002a,0x002a,0x002a,0x002a,0x002a,0x002a,0x002a,0x002a,0x002a,0x002a,0x002a,0x002a,0x002a,0x002a,0x002a,0x002a,0x002a,0x002a,0x002a,0x002a
487,NtUnmapViewOfSectionEx,0x01af,0x01b2,0x01b8,0x01be,0x01c2,0x01c4,0x01c5,0x01c6,0x01c6,0x01cc,0x01cc,0x01cc,0x01ce,0x01ce,0x01d4,0x01d8,0x01dc,0x01dc,0x01de,0x01df,0x01df
488,NtUnsubscribeWnfStateChange,0x01b0,0x01b3,0x01b9,0x01bf,0x01c3,0x01c5,0x01c6,0x01c7,0x01c7,0x01cd,0x01cd,0x01cd,0x01cf,0x01cf,0x01d5,0x01d9,0x01dd,0x01dd,0x01df,0x01e0,0x01e0
489,NtUpdateWnfStateData,0x01b1,0x01b4,0x01ba,0x01c0,0x01c4,0x01c6,0x01c7,0x01c8,0x01c8,0x01ce,0x01ce,0x01ce,0x01d0,0x01d0,0x01d6,0x01da,0x01de,0x01de,0x01e0,0x01e1,0x01e1
490,NtVdmControl,0x01b2,0x01b5,0x01bb,0x01c1,0x01c5,0x01c7,0x01c8,0x01c9,0x01c9,0x01cf,0x01cf,0x01cf,0x01d1,0x01d1,0x01d7,0x01db,0x01df,0x01df,0x01e1,0x01e2,0x01e2
491,NtWaitForAlertByThreadId,0x01b3,0x01b6,0x01bc,0x01c2,0x01c6,0x01c8,0x01c9,0x01ca,0x01ca,0x01d0,0x01d0,0x01d0,0x01d2,0x01d2,0x01d8,0x01dc,0x01e0,0x01e0,0x01e2,0x01e3,0x01e3
492,NtWaitForDebugEvent,0x01b4,0x01b7,0x01bd,0x01c3,0x01c7,0x01c9,0x01ca,0x01cb,0x01cb,0x01d1,0x01d1,0x01d1,0x01d3,0x01d3,0x01d9,0x01dd,0x01e1,0x01e1,0x01e3,0x01e4,0x01e4
493,NtWaitForKeyedEvent,0x01b5,0x01b8,0x01be,0x01c4,0x01c8,0x01ca,0x01cb,0x01cc,0x01cc,0x01d2,0x01d2,0x01d2,0x01d4,0x01d4,0x01da,0x01de,0x01e2,0x01e2,0x01e4,0x01e5,0x01e5
494,NtWaitForMultipleObjects,0x005b,0x005b,0x005b,0x005b,0x005b,0x005b,0x005b,0x005b,0x005b,0x005b,0x005b,0x005b,0x005b,0x005b,0x005b,0x005b,0x005b,0x005b,0x005b,0x005b,0x005b
495,NtWaitForMultipleObjects32,0x001a,0x001a,0x001a,0x001a,0x001a,0x001a,0x001a,0x001a,0x001a,0x001a,0x001a,0x001a,0x001a,0x001a,0x001a,0x001a,0x001a,0x001a,0x001a,0x001a,0x001a
496,NtWaitForSingleObject,0x0004,0x0004,0x0004,0x0004,0x0004,0x0004,0x0004,0x0004,0x0004,0x0004,0x0004,0x0004,0x0004,0x0004,0x0004,0x0004,0x0004,0x0004,0x0004,0x0004,0x0004
497,NtWaitForWnfNotifications,,,,,,,,,,,,,,,,,,,,,
498,NtWaitForWorkViaWorkerFactory,0x01b6,0x01b9,0x01bf,0x01c5,0x01c9,0x01cb,0x01cc,0x01cd,0x01cd,0x01d3,0x01d3,0x01d3,0x01d5,0x01d5,0x01db,0x01df,0x01e3,0x01e3,0x01e5,0x01e6,0x01e6
499,NtWaitHighEventPair,0x01b7,0x01ba,0x01c0,0x01c6,0x01ca,0x01cc,0x01cd,0x01ce,0x01ce,0x01d4,0x01d4,0x01d4,0x01d6,0x01d6,0x01dc,0x01e0,0x01e4,0x01e4,0x01e6,0x01e7,0x01e7
500,NtWaitLowEventPair,0x01b8,0x01bb,0x01c1,0x01c7,0x01cb,0x01cd,0x01ce,0x01cf,0x01cf,0x01d5,0x01d5,0x01d5,0x01d8,0x01d8,0x01dd,0x01e1,0x01e5,0x01e5,0x01e7,0x01e8,0x01e8
501,NtWorkerFactoryWorkerReady,0x0001,0x0001,0x0001,0x0001,0x0001,0x0001,0x0001,0x0001,0x0001,0x0001,0x0001,0x0001,0x0001,0x0001,0x0001,0x0001,0x0001,0x0001,0x0001,0x0001,0x0001
502,NtWriteFile,0x0008,0x0008,0x0008,0x0008,0x0008,0x0008,0x0008,0x0008,0x0008,0x0008,0x0008,0x0008,0x0008,0x0008,0x0008,0x0008,0x0008,0x0008,0x0008,0x0008,0x0008
503,NtWriteFileGather,0x001b,0x001b,0x001b,0x001b,0x001b,0x001b,0x001b,0x001b,0x001b,0x001b,0x001b,0x001b,0x001b,0x001b,0x001b,0x001b,0x001b,0x001b,0x001b,0x001b,0x001b
504,NtWriteRequestData,0x0057,0x0057,0x0057,0x0057,0x0057,0x0057,0x0057,0x0057,0x0057,0x0057,0x0057,0x0057,0x0057,0x0057,0x0057,0x0057,0x0057,0x0057,0x0057,0x0057,0x0057
505,NtWriteVirtualMemory,0x003a,0x003a,0x003a,0x003a,0x003a,0x003a,0x003a,0x003a,0x003a,0x003a,0x003a,0x003a,0x003a,0x003a,0x003a,0x003a,0x003a,0x003a,0x003a,0x003a,0x003a
506,NtYieldExecution,0x0046,0x0046,0x0046,0x0046,0x0046,0x0046,0x0046,0x0046,0x0046,0x0046,0x0046,0x0046,0x0046,0x0046,0x0046,0x0046,0x0046,0x0046,0x0046,0x0046,0x0046
